"url","currentHttpCode","prevHttpCode","lastAccess"
"/kraski_i_emali/po-betonu/dlya-betonnogo-pola/teksipol_akva","200","N/a","23.12.2020"
"/kraski_i_emali/po-metallu?s[vendor_id][]=34101461","200","N/a","23.12.2020"
"/kraski_i_emali/fasadnye/dlya-tsokolya/caparol_fibrosil","200","N/a","23.12.2020"
"/kraski_i_emali/fasadnye/dlya-tsokolya/caparol_sylitol_nqg","200","N/a","23.12.2020"
"/kraski_i_emali/fasadnye/dlya-tsokolya/proakril","200","N/a","23.12.2020"
"/kraski_i_emali/fasadnye/dlya-tsokolya/tikkurila_finngard_silikatnaya","200","N/a","23.12.2020"
"/kraski_i_emali/fasadnye/dlya-tsokolya/tikkurila_yki","200","N/a","23.12.2020"
"/search/?q=%D0%BF%D0%BE%D0%BB%D0%B8%D0%BC%D0%B5%D1%80%D0%BE%D0%BD&s=","200","N/a","23.12.2020"
"/search/?q=Tikkurila+Pesto+90&s=","200","N/a","23.12.2020"
"/kraski_i_emali/kraski_i_emali/nts_132/","404","N/a","22.12.2020"
"/kraski_i_emali/fasadnye/po-shtukaturke/Finncolor_mineral_gamma","200","N/a","22.12.2020"
"/kraski_i_emali/fasadnye/po-shtukaturke/akrial_lyuks","200","N/a","22.12.2020"
"/kraski_i_emali/fasadnye/po-shtukaturke/caparol_fibrosil","200","N/a","22.12.2020"
"/kraski_i_emali/fasadnye/po-shtukaturke/caparol_sylitol_nqg","200","N/a","22.12.2020"
"/kraski_i_emali/fasadnye/po-shtukaturke/dulux_bindo_facade","200","N/a","22.12.2020"
"/kraski_i_emali/fasadnye/po-shtukaturke/dulux_trade","200","N/a","22.12.2020"
"/kraski_i_emali/fasadnye/po-shtukaturke/fasad_lyuks","200","N/a","22.12.2020"
"/kraski_i_emali/fasadnye/po-shtukaturke/fasadka_teplozashchita_antiplesen","200","N/a","22.12.2020"
"/kraski_i_emali/fasadnye/po-shtukaturke/fasadka_uf","200","N/a","22.12.2020"
"/kraski_i_emali/fasadnye/po-shtukaturke/finncolor_mineral_strong","200","N/a","22.12.2020"
"/kraski_i_emali/fasadnye/po-shtukaturke/marshall_akrikor_kraska_fasadnaya","200","N/a","22.12.2020"
"/kraski_i_emali/fasadnye/po-shtukaturke/marshall_akrikor_kraska_strukturnaya","200","N/a","22.12.2020"
"/kraski_i_emali/fasadnye/po-shtukaturke/marshall_maestro_kraska_akrilovaya_fasadnaya","200","N/a","22.12.2020"
"/kraski_i_emali/fasadnye/po-shtukaturke/proakril","200","N/a","22.12.2020"
"/kraski_i_emali/fasadnye/po-shtukaturke/tikkurila_euro_facade_plus","200","N/a","22.12.2020"
"/kraski_i_emali/fasadnye/po-shtukaturke/tikkurila_facade_silicon","200","N/a","22.12.2020"
"/kraski_i_emali/fasadnye/po-shtukaturke/tikkurila_finngard","200","N/a","22.12.2020"
"/kraski_i_emali/fasadnye/po-shtukaturke/tikkurila_finngard_silikatnaya","200","N/a","22.12.2020"
"/kraski_i_emali/fasadnye/po-shtukaturke/tikkurila_finngard_silikonovaya","200","N/a","22.12.2020"
"/kraski_i_emali/fasadnye/po-shtukaturke/tikkurila_prof_facade","200","N/a","22.12.2020"
"/kraski_i_emali/fasadnye/po-shtukaturke/tikkurila_prof_facade_aqua","200","N/a","22.12.2020"
"/kraski_i_emali/fasadnye/po-shtukaturke/tikkurila_yki","200","N/a","22.12.2020"
"/kraski_i_emali/po-betonu/dlya-betonnogo-pola/p/1","404","N/a","22.12.2020"
"/debug.log","404","N/a","22.12.2020"
"/kraski_i_emali/po-derevu/dlya-dvp/biofa_1075_lazur_dlya_dereva","200","N/a","22.12.2020"
"/kraski_i_emali/po-metallu/dlya-metallicheskogo-zabora/poliuretol_20s_uf","200","N/a","22.12.2020"
"/kraski_i_emali/interernye/dlya-gipsokartona/dulux_ultra_resist_zashchita_ot_pyaten","200","N/a","22.12.2020"
"/kraski_i_emali/interernye/dlya-gipsokartona/kraska_v_d_vlagostoykaya_universal","200","N/a","22.12.2020"
"/kraski_i_emali/po-betonu/dlya-shkol","200","0","20.12.2020"
"/kraski_i_emali/po-metallu/dlya-naruzhnykh-rabot/akvametallik_50ms","200","N/a","20.12.2020"
"/kraski_i_emali/po-metallu/dlya-naruzhnykh-rabot/tikkurila_miranol","404","N/a","20.12.2020"
"/kraski_i_emali/po-derevu/dlya-vnutrennikh-rabot/drevoshchit","200","N/a","20.12.2020"
"/gruntovki/po-metallu/hammerite_grunt_dlya_tsvetnogo_metalla","200","N/a","20.12.2020"
"/kraski_i_emali/po-metallu/dlya-nerzhaveyki/moloteks_2sh","200","N/a","19.12.2020"
"/kraski_i_emali/po-betonu/dlya-shkol","0","200","19.12.2020"
"/brands/td-lider/p/8","200","N/a","19.12.2020"
"/gruntovki/p/4","404","N/a","18.12.2020"
"/kraski_i_emali/po-betonu/dlya-betona-na-ulitse/tikkurila_finngard","200","N/a","18.12.2020"
"/?sender_subscription=message_confirm","200","N/a","18.12.2020"
"/kraski_i_emali/gidrostoun","200","N/a","18.12.2020"
"/kraski_i_emali/po-metallu/dlya-agressivnykh-sred/epokhim_200_s","200","N/a","18.12.2020"
"/search/?q=%D0%B2%D0%B0%D0%BB%D0%B8%D0%BA%D0%B8+%D0%B4%D0%BB%D1%8F+%D1%88%D0%BF%D0%B0%D0%BA%D0%BB%D1%91%D0%B2%D0%BA%D0%B8&s=","200","N/a","18.12.2020"
"/gruntovki/akrial_grunt","200","N/a","18.12.2020"
"/kraski_i_emali/akvakras_wr","200","N/a","18.12.2020"
"/kraski_i_emali/akvametallik_3_v_1","200","N/a","18.12.2020"
"/kraski_i_emali/akvametallik_50ms","200","N/a","18.12.2020"
"/kraski_i_emali/alyuminol","200","N/a","18.12.2020"
"/kraski_i_emali/bronekomplekt","200","N/a","18.12.2020"
"/kraski_i_emali/drevoplast","200","N/a","18.12.2020"
"/kraski_i_emali/drevopol","200","N/a","18.12.2020"
"/kraski_i_emali/drevoshchit","200","N/a","18.12.2020"
"/kraski_i_emali/gidrostoun_2_uf","200","N/a","18.12.2020"
"/kraski_i_emali/potoloks","200","N/a","18.12.2020"
"/kraski_i_emali/termoksol_uf","200","N/a","18.12.2020"
"/kraski_i_emali/tsikrol","200","N/a","18.12.2020"
"/kraski_i_emali/tsikrol_50ms","200","N/a","18.12.2020"
"/kraski_i_emali/tsikrol_akva","200","N/a","18.12.2020"
"/articles/polimernye-nalivnye-poly-vidy-i-preimushchestva-ispolzovanie/","200","N/a","18.12.2020"
"/kraski_i_emali/po-betonu/dlya-tsekha/ascoat_118_pur","200","N/a","18.12.2020"
"/kraski_i_emali/po-betonu/dlya-tsekha/ascoat_138_pur","200","N/a","18.12.2020"
"/kraski_i_emali/po-betonu/dlya-tsekha/ascoat_200ak","200","N/a","18.12.2020"
"/kraski_i_emali/po-betonu/dlya-tsekha/ascoat_801_ep_aqua_","200","N/a","18.12.2020"
"/kraski_i_emali/po-betonu/dlya-tsekha/ascoat_802_aqua","200","N/a","18.12.2020"
"/kraski_i_emali/po-betonu/dlya-tsekha/ascoat_911_pur","200","N/a","18.12.2020"
"/kraski_i_emali/po-betonu/dlya-tsekha/caparol_sylitol_nqg","200","N/a","18.12.2020"
"/kraski_i_emali/po-betonu/dlya-tsekha/finncolor_mineral_strong","200","N/a","18.12.2020"
"/kraski_i_emali/po-betonu/dlya-tsekha/tikkurila_betolux","200","N/a","18.12.2020"
"/kraski_i_emali/po-betonu/dlya-tsekha/tikkurila_betolux_akva","200","N/a","18.12.2020"
"/kraski_i_emali/po-betonu/dlya-tsekha/tikkurila_euro_facade_plus","200","N/a","18.12.2020"
"/kraski_i_emali/po-betonu/dlya-tsekha/tikkurila_facade_silicon","200","N/a","18.12.2020"
"/kraski_i_emali/po-betonu/dlya-tsekha/tikkurila_finngard","200","N/a","18.12.2020"
"/kraski_i_emali/po-betonu/dlya-tsekha/tikkurila_finngard_silikatnaya","200","N/a","18.12.2020"
"/kraski_i_emali/po-betonu/dlya-tsekha/tikkurila_finngard_silikonovaya","200","N/a","18.12.2020"
"/kraski_i_emali/po-betonu/dlya-tsekha/tikkurila_joker","200","N/a","18.12.2020"
"/kraski_i_emali/po-betonu/dlya-tsekha/tikkurila_novasil","200","N/a","18.12.2020"
"/kraski_i_emali/po-betonu/dlya-tsekha/tikkurila_pesto","200","N/a","18.12.2020"
"/kraski_i_emali/po-betonu/dlya-tsekha/tikkurila_prof_facade","200","N/a","18.12.2020"
"/kraski_i_emali/po-betonu/dlya-tsekha/tikkurila_prof_facade_aqua","200","N/a","18.12.2020"
"/kraski_i_emali/po-betonu/dlya-tsekha/tikkurila_yki","200","N/a","18.12.2020"
"/kraski_i_emali/po-derevu/dlya-dvp/ascoat_rube","200","N/a","18.12.2020"
"/kraski_i_emali/po-derevu/dlya-dvp/drevopol","200","N/a","18.12.2020"
"/kraski_i_emali/po-derevu/dlya-dvp/drevoshchit","200","N/a","18.12.2020"
"/kraski_i_emali/po-derevu/dlya-dvp/emal_pf_115_universal","200","N/a","18.12.2020"
"/kraski_i_emali/po-derevu/dlya-dvp/neomid_kraska_ognezashchitnaya_interernaya","200","N/a","18.12.2020"
"/kraski_i_emali/po-derevu/dlya-dvp/tikkurila_pesto","200","N/a","18.12.2020"
"/kraski_i_emali/po-derevu/dlya-mebeli-iz-dereva/biofa_8005_kraska","200","N/a","18.12.2020"
"/kraski_i_emali/po-derevu/dlya-mebeli-iz-dereva/drevoshchit","200","N/a","18.12.2020"
"/kraski_i_emali/po-derevu/dlya-mebeli-iz-dereva/emal_pf_115_universal","200","N/a","18.12.2020"
"/kraski_i_emali/po-derevu/dlya-mebeli-iz-dereva/neomid_kraska_ognezashchitnaya_interernaya","200","N/a","18.12.2020"
"/kraski_i_emali/po-derevu/dlya-mebeli-iz-dereva/tikkurila_empire","200","N/a","18.12.2020"
"/kraski_i_emali/po-derevu/dlya-mebeli-iz-dereva/tikkurila_euro_miralkyd_90","200","N/a","18.12.2020"
"/kraski_i_emali/po-derevu/dlya-mebeli-iz-dereva/tikkurila_joker","200","N/a","18.12.2020"
"/kraski_i_emali/po-derevu/dlya-mebeli-iz-dereva/tikkurila_lumi","200","N/a","18.12.2020"
"/kraski_i_emali/po-derevu/dlya-mebeli-iz-dereva/tikkurila_miranol","200","N/a","18.12.2020"
"/kraski_i_emali/po-derevu/dlya-mebeli-iz-dereva/tikkurila_pesto","200","N/a","18.12.2020"
"/kraski_i_emali/po-derevu/dlya-mebeli-iz-dereva/tikkurila_remontti_assa","200","N/a","18.12.2020"
"/kraski_i_emali/po-derevu/dlya-mebeli-iz-dereva/tikkurila_unica_akva_maali","200","N/a","18.12.2020"
"/kraski_i_emali/po-derevu/dlya-vnutrennikh-rabot/biofa_1075_lazur_dlya_dereva","200","N/a","18.12.2020"
"/kraski_i_emali/po-derevu/dlya-vnutrennikh-rabot/biofa_5175_5177_lazur_dlya_vnutrennikh_rabot","200","N/a","18.12.2020"
"/kraski_i_emali/po-derevu/dlya-vnutrennikh-rabot/biofa_8005_kraska","200","N/a","18.12.2020"
"/kraski_i_emali/po-derevu/dlya-vnutrennikh-rabot/drevopol","200","N/a","18.12.2020"
"/kraski_i_emali/po-derevu/dlya-vnutrennikh-rabot/emal_pf_115_universal","200","N/a","18.12.2020"
"/kraski_i_emali/po-derevu/dlya-vnutrennikh-rabot/neomid_kraska_ognezashchitnaya_interernaya","200","N/a","18.12.2020"
"/kraski_i_emali/po-derevu/dlya-vnutrennikh-rabot/tikkurila_empire","200","N/a","18.12.2020"
"/kraski_i_emali/po-derevu/dlya-vnutrennikh-rabot/tikkurila_joker","200","N/a","18.12.2020"
"/kraski_i_emali/po-derevu/dlya-vnutrennikh-rabot/tikkurila_lumi","200","N/a","18.12.2020"
"/kraski_i_emali/po-derevu/dlya-vnutrennikh-rabot/tikkurila_miranol","200","N/a","18.12.2020"
"/kraski_i_emali/po-derevu/dlya-vnutrennikh-rabot/tikkurila_pesto","200","N/a","18.12.2020"
"/kraski_i_emali/po-derevu/dlya-vnutrennikh-rabot/tikkurila_remontti_assa","200","N/a","18.12.2020"
"/search/?q=%D0%9F%D0%B8%D1%80%D0%BE%D0%B1%D0%B0%D1%80%D1%8C%D0%B5%D1%80&s=","200","N/a","17.12.2020"
"/kraski_i_emali/spetsialnye/p/5","404","N/a","17.12.2020"
"/brands/td-lider/p/5","200","N/a","17.12.2020"
"/ognezashchitnye-materialy/kabel","404","N/a","17.12.2020"
"/kraski_i_emali/obshchestroitelnye/p/5","404","N/a","16.12.2020"
"/antiseptiki/dekorativno-zashchitnyi","404","N/a","16.12.2020"
"/kraski_i_emali/spetsialnye/p/8","404","N/a","16.12.2020"
"/kraski_i_emali/dlya-dorozhnoy-razmetki/p/1","404","N/a","16.12.2020"
"/kraski_i_emali/obshchestroitelnye/p/4","404","N/a","16.12.2020"
"/kraski_i_emali/po-metallu/dlya-alyuminievykh-lodok/epokhim","200","N/a","16.12.2020"
"/kraski_i_emali/p/2","404","N/a","16.12.2020"
"/kraski_i_emali/po-metallu/ascoat_pool_pur","200","N/a","16.12.2020"
"/kraski_i_emali/universalnyye/p/2","301","N/a","16.12.2020"
"/kraski_i_emali/po-betonu/p/4","404","N/a","15.12.2020"
"/brands/magicline/p/1","200","N/a","15.12.2020"
"/kraski_i_emali/po-metallu/dlya-kotlov/ascoat_301_ep","200","N/a","15.12.2020"
"/kraski_i_emali/po-metallu/dlya-kotlov/ascoat_303_epv","200","N/a","15.12.2020"
"/kraski_i_emali/po-metallu/dlya-kotlov/ascoat_308_pu","200","N/a","15.12.2020"
"/kraski_i_emali/po-metallu/dlya-kotlov/ascoat_309_epk","200","N/a","15.12.2020"
"/kraski_i_emali/po-metallu/dlya-kotlov/tikkurila_panssarimaali","200","N/a","15.12.2020"
"/kraski_i_emali/po-metallu/dlya-kotlov/tselsit_500","200","N/a","15.12.2020"
"/kraski_i_emali/po-metallu/dlya-metallicheskogo-zabora/ascoat_108_vn","200","N/a","15.12.2020"
"/kraski_i_emali/po-metallu/dlya-metallicheskogo-zabora/ascoat_128_al","200","N/a","15.12.2020"
"/kraski_i_emali/po-metallu/dlya-metallicheskogo-zabora/ascoat_201_ak","200","N/a","15.12.2020"
"/kraski_i_emali/po-metallu/dlya-metallicheskogo-zabora/ascoat_208_au_","200","N/a","15.12.2020"
"/kraski_i_emali/po-metallu/dlya-metallicheskogo-zabora/ascoat_303_epv","200","N/a","15.12.2020"
"/kraski_i_emali/po-metallu/dlya-metallicheskogo-zabora/ascoat_308_pu","200","N/a","15.12.2020"
"/kraski_i_emali/po-metallu/dlya-metallicheskogo-zabora/bystromet","200","N/a","15.12.2020"
"/kraski_i_emali/po-metallu/dlya-metallicheskogo-zabora/epokhim_200_s","200","N/a","15.12.2020"
"/kraski_i_emali/po-metallu/dlya-metallicheskogo-zabora/epostat_bl_300","200","N/a","15.12.2020"
"/kraski_i_emali/po-metallu/dlya-metallicheskogo-zabora/epostat_mastic","200","N/a","15.12.2020"
"/kraski_i_emali/po-metallu/dlya-metallicheskogo-zabora/epostat_md_400","200","N/a","15.12.2020"
"/kraski_i_emali/po-metallu/dlya-metallicheskogo-zabora/epostat_vd_70","200","N/a","15.12.2020"
"/kraski_i_emali/po-metallu/dlya-metallicheskogo-zabora/khv_0278","200","N/a","15.12.2020"
"/kraski_i_emali/po-metallu/dlya-metallicheskogo-zabora/nerzhalyuks","200","N/a","15.12.2020"
"/kraski_i_emali/po-metallu/dlya-metallicheskogo-zabora/nerzhamet","200","N/a","15.12.2020"
"/kraski_i_emali/po-metallu/dlya-metallicheskogo-zabora/polimeron","200","N/a","15.12.2020"
"/kraski_i_emali/po-metallu/dlya-metallicheskogo-zabora/poliuretol","200","N/a","15.12.2020"
"/kraski_i_emali/po-metallu/dlya-metallicheskogo-zabora/tikkurila_euro_miralkyd_90","200","N/a","15.12.2020"
"/kraski_i_emali/po-metallu/dlya-metallicheskogo-zabora/tikkurila_panssarimaali","200","N/a","15.12.2020"
"/search/?q=%D1%80%D0%B0%D1%81%D1%82%D1%80%D0%B2%D0%BE%D1%80%D0%B8%D1%82%D0%B5%D0%BB%D1%8C&s=","200","N/a","15.12.2020"
"/search/?q=Ascoat+201AK&s=","200","N/a","15.12.2020"
"/brands/td-lider/p/7","200","N/a","15.12.2020"
"/kraski_i_emali/po-betonu/dlya-betona-na-ulitse/Finncolor_mineral_gamma","200","N/a","14.12.2020"
"/kraski_i_emali/po-betonu/dlya-betona-na-ulitse/ascoat_116_pur","200","N/a","14.12.2020"
"/kraski_i_emali/po-betonu/dlya-betona-na-ulitse/ascoat_138_pur","200","N/a","14.12.2020"
"/kraski_i_emali/po-betonu/dlya-betona-na-ulitse/ascoat_200ak","200","N/a","14.12.2020"
"/kraski_i_emali/po-betonu/dlya-betona-na-ulitse/ascoat_306_epv","200","N/a","14.12.2020"
"/kraski_i_emali/po-betonu/dlya-betona-na-ulitse/ascoat_801_ep_aqua_","200","N/a","14.12.2020"
"/kraski_i_emali/po-betonu/dlya-betona-na-ulitse/ascoat_border","200","N/a","14.12.2020"
"/kraski_i_emali/po-betonu/dlya-betona-na-ulitse/ascoat_road","200","N/a","14.12.2020"
"/kraski_i_emali/po-betonu/dlya-betona-na-ulitse/finncolor_mineral_strong","200","N/a","14.12.2020"
"/kraski_i_emali/po-betonu/dlya-betona-na-ulitse/polimerstoun_akva","200","N/a","14.12.2020"
"/kraski_i_emali/po-betonu/dlya-betona-na-ulitse/tikkurila_euro_facade_plus","200","N/a","14.12.2020"
"/kraski_i_emali/po-betonu/dlya-betona-na-ulitse/tikkurila_facade_silicon","200","N/a","14.12.2020"
"/kraski_i_emali/po-betonu/dlya-betona-na-ulitse/tikkurila_finngard_silikatnaya","200","N/a","14.12.2020"
"/kraski_i_emali/po-betonu/dlya-betona-na-ulitse/tikkurila_finngard_silikonovaya","200","N/a","14.12.2020"
"/kraski_i_emali/po-betonu/dlya-betona-na-ulitse/tikkurila_novasil","200","N/a","14.12.2020"
"/kraski_i_emali/po-betonu/dlya-betona-na-ulitse/tikkurila_prof_facade","200","N/a","14.12.2020"
"/kraski_i_emali/po-betonu/dlya-betona-na-ulitse/tikkurila_prof_facade_aqua","200","N/a","14.12.2020"
"/kraski_i_emali/po-betonu/dlya-betona-na-ulitse/tikkurila_yki","200","N/a","14.12.2020"
"/kraski_i_emali/po-betonu/dlya-betona-na-ulitse/tikkurila_yki_aitokivi","200","N/a","14.12.2020"
"/kraski_i_emali/po-metallu/dlya-chernykh-metallov/poliuretol","200","N/a","14.12.2020"
"/kraski_i_emali/po-metallu/dlya-nerzhaveyki/alyuminol","200","N/a","14.12.2020"
"/kraski_i_emali/po-metallu/dlya-nerzhaveyki/ascoat_303_epv","200","N/a","14.12.2020"
"/kraski_i_emali/po-metallu/dlya-nerzhaveyki/ascoat_308_pu","200","N/a","14.12.2020"
"/kraski_i_emali/po-metallu/dlya-nerzhaveyki/epokhim","200","N/a","14.12.2020"
"/kraski_i_emali/po-metallu/dlya-nerzhaveyki/epokhim_200_s","200","N/a","14.12.2020"
"/kraski_i_emali/po-metallu/dlya-nerzhaveyki/epostat_bl_300","200","N/a","14.12.2020"
"/kraski_i_emali/po-metallu/dlya-nerzhaveyki/epostat_mastic","200","N/a","14.12.2020"
"/kraski_i_emali/po-metallu/dlya-nerzhaveyki/hammerite_baza_pod_kolerovku","200","N/a","14.12.2020"
"/kraski_i_emali/po-metallu/dlya-nerzhaveyki/hammerite_polumatovaya","200","N/a","14.12.2020"
"/kraski_i_emali/po-metallu/dlya-nerzhaveyki/nerzhakhim","200","N/a","14.12.2020"
"/kraski_i_emali/po-metallu/dlya-nerzhaveyki/nerzhalyuks","200","N/a","14.12.2020"
"/kraski_i_emali/po-metallu/dlya-nerzhaveyki/tsikrol","200","N/a","14.12.2020"
"/kraski_i_emali/spetsialnye/dlya-shifera/ascoat_116_pur","200","N/a","14.12.2020"
"/kraski_i_emali/spetsialnye/dlya-shifera/ascoat_rube","200","N/a","14.12.2020"
"/brands/td-lider/p/6","200","N/a","14.12.2020"
"/kraski_i_emali/po-metallu/p/3","404","N/a","14.12.2020"
"/kraski_i_emali/po-betonu/p/6","404","N/a","14.12.2020"
"/kraski_i_emali/po-metallu/dlya-alyuminievykh-lodok/alyuminol","200","N/a","14.12.2020"
"/kraski_i_emali/po-metallu/dlya-alyuminievykh-lodok/ascoat_303_epv","200","N/a","14.12.2020"
"/kraski_i_emali/po-metallu/dlya-alyuminievykh-lodok/ascoat_308_pu","200","N/a","14.12.2020"
"/kraski_i_emali/po-metallu/dlya-alyuminievykh-lodok/epokhim_200_s","200","N/a","14.12.2020"
"/kraski_i_emali/po-metallu/dlya-alyuminievykh-lodok/epostat_bl_300","200","N/a","14.12.2020"
"/kraski_i_emali/po-metallu/dlya-alyuminievykh-lodok/epostat_mastic","200","N/a","14.12.2020"
"/kraski_i_emali/po-metallu/dlya-alyuminievykh-lodok/hammerite_polumatovaya","200","N/a","14.12.2020"
"/kraski_i_emali/po-metallu/dlya-alyuminievykh-lodok/khs_510","200","N/a","14.12.2020"
"/kraski_i_emali/po-metallu/dlya-alyuminievykh-lodok/khv_1120","200","N/a","14.12.2020"
"/kraski_i_emali/po-metallu/dlya-alyuminievykh-lodok/serebrol","200","N/a","14.12.2020"
"/kraski_i_emali/po-metallu/dlya-alyuminievykh-lodok/tikkurila_miranol","200","N/a","14.12.2020"
"/brands/tikkurilla/","0","200","14.12.2020"
"/kraski_i_emali/po-metallu/dlya-porogov-avtomobilya/ascoat_301_ep","200","N/a","14.12.2020"
"/kraski_i_emali/po-metallu/dlya-porogov-avtomobilya/ascoat_303_epv","200","N/a","14.12.2020"
"/kraski_i_emali/po-metallu/dlya-porogov-avtomobilya/ascoat_308_pu","200","N/a","14.12.2020"
"/kraski_i_emali/po-metallu/dlya-porogov-avtomobilya/ascoat_309_epk","200","N/a","14.12.2020"
"/kraski_i_emali/po-metallu/dlya-porogov-avtomobilya/ascoat_310_purk","200","N/a","14.12.2020"
"/kraski_i_emali/po-metallu/dlya-porogov-avtomobilya/ascoat_zn_primer","200","N/a","14.12.2020"
"/kraski_i_emali/po-metallu/dlya-porogov-avtomobilya/tselsit_500","200","N/a","14.12.2020"
"/antiseptiki/zashchitnyi","404","N/a","13.12.2020"
"/brands/td-lider/p/9","200","N/a","13.12.2020"
"/kraski_i_emali/po-derevu/dlya-mdf/ascoat_rube","200","N/a","13.12.2020"
"/kraski_i_emali/po-derevu/dlya-mdf/biofa_1075_lazur_dlya_dereva","200","N/a","13.12.2020"
"/kraski_i_emali/po-derevu/dlya-mdf/drevoshchit","200","N/a","13.12.2020"
"/kraski_i_emali/po-derevu/dlya-mdf/emal_pf_115_universal","200","N/a","13.12.2020"
"/kraski_i_emali/po-derevu/dlya-mdf/neomid_kraska_ognezashchitnaya_interernaya","200","N/a","13.12.2020"
"/kraski_i_emali/po-derevu/dlya-mdf/tikkurila_empire","200","N/a","13.12.2020"
"/kraski_i_emali/po-derevu/dlya-mdf/tikkurila_euro_miralkyd_90","200","N/a","13.12.2020"
"/kraski_i_emali/po-derevu/dlya-mdf/tikkurila_joker","200","N/a","13.12.2020"
"/kraski_i_emali/po-derevu/dlya-mdf/tikkurila_lumi","200","N/a","13.12.2020"
"/kraski_i_emali/po-derevu/dlya-mdf/tikkurila_miranol","200","N/a","13.12.2020"
"/kraski_i_emali/po-derevu/dlya-mdf/tikkurila_pesto","200","N/a","13.12.2020"
"/kraski_i_emali/po-derevu/dlya-mdf/tikkurila_remontti_assa","200","N/a","13.12.2020"
"/kraski_i_emali/po-derevu/dlya-mdf/tikkurila_unica_akva_maali","200","N/a","13.12.2020"
"/kraski_i_emali/po-metallu/dlya-truboprovodov/ascoat_108_vn","200","N/a","13.12.2020"
"/kraski_i_emali/po-metallu/dlya-truboprovodov/ascoat_128_al","200","N/a","13.12.2020"
"/kraski_i_emali/po-metallu/dlya-truboprovodov/ascoat_201_ak","200","N/a","13.12.2020"
"/kraski_i_emali/po-metallu/dlya-truboprovodov/ascoat_208_au_","200","N/a","13.12.2020"
"/kraski_i_emali/po-metallu/dlya-truboprovodov/ascoat_301_ep","200","N/a","13.12.2020"
"/kraski_i_emali/po-metallu/dlya-truboprovodov/ascoat_303_epv","200","N/a","13.12.2020"
"/kraski_i_emali/po-metallu/dlya-truboprovodov/ascoat_308_pu","200","N/a","13.12.2020"
"/kraski_i_emali/po-metallu/dlya-truboprovodov/ascoat_808_aqua","200","N/a","13.12.2020"
"/kraski_i_emali/po-metallu/dlya-truboprovodov/bystromet","200","N/a","13.12.2020"
"/kraski_i_emali/po-metallu/dlya-truboprovodov/epokhim_200_s","200","N/a","13.12.2020"
"/kraski_i_emali/po-metallu/dlya-truboprovodov/epostat_bl_300","200","N/a","13.12.2020"
"/kraski_i_emali/po-metallu/dlya-truboprovodov/epostat_mastic","200","N/a","13.12.2020"
"/kraski_i_emali/po-metallu/dlya-truboprovodov/epostat_md_400","200","N/a","13.12.2020"
"/kraski_i_emali/po-metallu/dlya-truboprovodov/epostat_vd_70","200","N/a","13.12.2020"
"/kraski_i_emali/po-metallu/dlya-truboprovodov/khv_0278","200","N/a","13.12.2020"
"/kraski_i_emali/po-metallu/dlya-truboprovodov/nerzhalyuks","200","N/a","13.12.2020"
"/kraski_i_emali/po-metallu/dlya-truboprovodov/nerzhamet","200","N/a","13.12.2020"
"/kraski_i_emali/po-metallu/dlya-truboprovodov/polimeron","200","N/a","13.12.2020"
"/kraski_i_emali/po-metallu/dlya-truboprovodov/poliuretol","200","N/a","13.12.2020"
"/kraski_i_emali/po-metallu/dlya-truboprovodov/tikkurila_panssarimaali","200","N/a","13.12.2020"
"/kraski_i_emali/p/1","404","N/a","13.12.2020"
"/kraski_i_emali/po-betonu/dlya-avtomoyki/akvopol","200","N/a","13.12.2020"
"/kraski_i_emali/po-betonu/dlya-avtomoyki/ascoat_116_pur","200","N/a","13.12.2020"
"/kraski_i_emali/po-betonu/dlya-avtomoyki/ascoat_118_pur","200","N/a","13.12.2020"
"/kraski_i_emali/po-betonu/dlya-avtomoyki/ascoat_119_ep","200","N/a","13.12.2020"
"/kraski_i_emali/po-betonu/dlya-avtomoyki/ascoat_138_pur","200","N/a","13.12.2020"
"/kraski_i_emali/po-betonu/dlya-avtomoyki/ascoat_306_epv","200","N/a","13.12.2020"
"/kraski_i_emali/po-betonu/dlya-avtomoyki/ascoat_911_pur","200","N/a","13.12.2020"
"/kraski_i_emali/po-betonu/dlya-avtomoyki/betostoun","200","N/a","13.12.2020"
"/kraski_i_emali/po-betonu/dlya-avtomoyki/betostoun_akva","200","N/a","13.12.2020"
"/kraski_i_emali/po-betonu/dlya-avtomoyki/epoksipol","200","N/a","13.12.2020"
"/kraski_i_emali/po-betonu/dlya-avtomoyki/epostoun","200","N/a","13.12.2020"
"/kraski_i_emali/po-betonu/dlya-avtomoyki/epostoun_ultra","200","N/a","13.12.2020"
"/kraski_i_emali/po-betonu/dlya-avtomoyki/polibetol","200","N/a","13.12.2020"
"/kraski_i_emali/po-betonu/dlya-avtomoyki/polibetol_ultra","200","N/a","13.12.2020"
"/kraski_i_emali/po-betonu/dlya-avtomoyki/polimerstoun_akva","200","N/a","13.12.2020"
"/kraski_i_emali/po-betonu/dlya-avtomoyki/teksil","200","N/a","13.12.2020"
"/kraski_i_emali/po-betonu/dlya-avtomoyki/teksipol_","200","N/a","13.12.2020"
"/kraski_i_emali/po-betonu/dlya-avtomoyki/teksipol_akva","200","N/a","13.12.2020"
"/kraski_i_emali/universalnyye/p/1","301","N/a","13.12.2020"
"/antiseptiki/zashchitnye/biofa_1035_nahos","200","N/a","13.12.2020"
"/gruntovki/p/5","404","N/a","13.12.2020"
"/kraski_i_emali/interernye","200","301","11.12.2020"
"/kraski_i_emali/interernye/Finncolor%20oasis_kitchen_gallery","200","N/a","11.12.2020"
"/kraski_i_emali/interernye/Finncolor%20oasis_super_white","200","N/a","11.12.2020"
"/kraski_i_emali/interernye/Finncolor_oasis_hall_office","200","N/a","11.12.2020"
"/kraski_i_emali/interernye/Finncolor_oasis_interior_plus","200","N/a","11.12.2020"
"/kraski_i_emali/interernye/biofa_1075_lazur_dlya_dereva","200","N/a","11.12.2020"
"/kraski_i_emali/interernye/caparol_fibrosil","200","N/a","11.12.2020"
"/kraski_i_emali/interernye/tikkurila_empire","200","N/a","11.12.2020"
"/kraski_i_emali/interernye/tikkurila_euro_matt_3","200","N/a","11.12.2020"
"/kraski_i_emali/interernye/tikkurila_euro_miralkyd_90","200","N/a","11.12.2020"
"/kraski_i_emali/interernye/tikkurila_euro_power_7","200","N/a","11.12.2020"
"/kraski_i_emali/interernye/tikkurila_euro_smart_2","200","N/a","11.12.2020"
"/kraski_i_emali/interernye/tikkurila_finngard","200","N/a","11.12.2020"
"/kraski_i_emali/interernye/tikkurila_harmony","200","N/a","11.12.2020"
"/kraski_i_emali/interernye/tikkurila_joker","200","N/a","11.12.2020"
"/kraski_i_emali/interernye/tikkurila_luja_","200","N/a","11.12.2020"
"/kraski_i_emali/interernye/tikkurila_lumi","200","N/a","11.12.2020"
"/kraski_i_emali/interernye/tikkurila_miranol","200","N/a","11.12.2020"
"/kraski_i_emali/interernye/tikkurila_pesto","200","N/a","11.12.2020"
"/kraski_i_emali/interernye/tikkurila_remontti_assa","200","N/a","11.12.2020"
"/kraski_i_emali/interernye/tikkurila_siro_himmea","200","N/a","11.12.2020"
"/kraski_i_emali/interernye/tikkurila_tunto_grubozernistaya","200","N/a","11.12.2020"
"/kraski_i_emali/interernye/tikkurila_tunto_kamennoe_pokrytie","200","N/a","11.12.2020"
"/kraski_i_emali/interernye/tikkurila_tunto_melkozernistaya","200","N/a","11.12.2020"
"/kraski_i_emali/interernye/dlya-sten/Finncolor%20oasis_kitchen_gallery","200","N/a","11.12.2020"
"/kraski_i_emali/interernye/dlya-sten/Finncolor%20oasis_super_white","200","N/a","11.12.2020"
"/kraski_i_emali/interernye/dlya-sten/Finncolor_oasis_hall_office","200","N/a","11.12.2020"
"/kraski_i_emali/interernye/dlya-sten/biofa_1075_lazur_dlya_dereva","200","N/a","11.12.2020"
"/kraski_i_emali/interernye/dlya-sten/caparol_fibrosil","200","N/a","11.12.2020"
"/kraski_i_emali/interernye/dlya-sten/finncolor_oasis_bathroom","200","N/a","11.12.2020"
"/kraski_i_emali/interernye/dlya-sten/tikkurila_euro_matt_3","200","N/a","11.12.2020"
"/kraski_i_emali/interernye/dlya-sten/tikkurila_euro_power_7","200","N/a","11.12.2020"
"/kraski_i_emali/interernye/dlya-sten/tikkurila_euro_smart_2","200","N/a","11.12.2020"
"/kraski_i_emali/interernye/dlya-sten/tikkurila_euro_trend","200","N/a","11.12.2020"
"/kraski_i_emali/interernye/dlya-sten/tikkurila_euro_white","200","N/a","11.12.2020"
"/kraski_i_emali/interernye/dlya-sten/tikkurila_finngard","200","N/a","11.12.2020"
"/kraski_i_emali/interernye/dlya-sten/tikkurila_harmony","200","N/a","11.12.2020"
"/kraski_i_emali/interernye/dlya-sten/tikkurila_joker","200","N/a","11.12.2020"
"/kraski_i_emali/interernye/dlya-sten/tikkurila_luja_","200","N/a","11.12.2020"
"/kraski_i_emali/interernye/dlya-sten/tikkurila_lumi","200","N/a","11.12.2020"
"/kraski_i_emali/interernye/dlya-sten/tikkurila_perfecta_interernaya","200","N/a","11.12.2020"
"/kraski_i_emali/interernye/dlya-sten/tikkurila_pesto","200","N/a","11.12.2020"
"/kraski_i_emali/interernye/dlya-sten/tikkurila_remontti_assa","200","N/a","11.12.2020"
"/kraski_i_emali/interernye/dlya-sten/tikkurila_tunto_grubozernistaya","200","N/a","11.12.2020"
"/kraski_i_emali/interernye/dlya-sten/tikkurila_tunto_kamennoe_pokrytie","200","N/a","11.12.2020"
"/kraski_i_emali/interernye/dlya-sten/tikkurila_tunto_melkozernistaya","200","N/a","11.12.2020"
"/kraski_i_emali/po-metallu/dlya-kessonov-i-gazgolderov/ascoat_301_ep","200","N/a","11.12.2020"
"/kraski_i_emali/dlya-basseyna/ascoat_pool","200","N/a","11.12.2020"
"/kraski_i_emali/dlya-basseyna/ascoat_pool_pur","200","N/a","11.12.2020"
"/kraski_i_emali/dlya-basseyna/gidrostoun","200","N/a","11.12.2020"
"/kraski_i_emali/dlya-basseyna/gidrostoun_2_uf","200","N/a","11.12.2020"
"/kraski_i_emali/hammerite_baza_pod_kolerovku","200","N/a","11.12.2020"
"/kraski_i_emali/interernye/dlya-gipsokartona/Finncolor%20oasis_kitchen_gallery","200","N/a","11.12.2020"
"/kraski_i_emali/interernye/dlya-gipsokartona/Finncolor%20oasis_super_white","200","N/a","11.12.2020"
"/kraski_i_emali/interernye/dlya-gipsokartona/Finncolor_oasis_interior_plus","200","N/a","11.12.2020"
"/kraski_i_emali/interernye/dlya-gipsokartona/biofa_1075_lazur_dlya_dereva","200","N/a","11.12.2020"
"/kraski_i_emali/interernye/dlya-gipsokartona/caparol_fibrosil","200","N/a","11.12.2020"
"/kraski_i_emali/interernye/dlya-gipsokartona/finncolor_oasis_bathroom","200","N/a","11.12.2020"
"/kraski_i_emali/interernye/dlya-gipsokartona/tikkurila_euro_matt_3","200","N/a","11.12.2020"
"/kraski_i_emali/interernye/dlya-gipsokartona/tikkurila_euro_power_7","200","N/a","11.12.2020"
"/kraski_i_emali/interernye/dlya-gipsokartona/tikkurila_euro_smart_2","200","N/a","11.12.2020"
"/kraski_i_emali/interernye/dlya-gipsokartona/tikkurila_euro_trend","200","N/a","11.12.2020"
"/kraski_i_emali/interernye/dlya-gipsokartona/tikkurila_euro_white","200","N/a","11.12.2020"
"/kraski_i_emali/interernye/dlya-gipsokartona/tikkurila_harmony","200","N/a","11.12.2020"
"/kraski_i_emali/interernye/dlya-gipsokartona/tikkurila_joker","200","N/a","11.12.2020"
"/kraski_i_emali/interernye/dlya-gipsokartona/tikkurila_luja_","200","N/a","11.12.2020"
"/kraski_i_emali/interernye/dlya-gipsokartona/tikkurila_lumi","200","N/a","11.12.2020"
"/kraski_i_emali/interernye/dlya-gipsokartona/tikkurila_perfecta_interernaya","200","N/a","11.12.2020"
"/kraski_i_emali/interernye/dlya-gipsokartona/tikkurila_pesto","200","N/a","11.12.2020"
"/kraski_i_emali/interernye/dlya-gipsokartona/tikkurila_remontti_assa","200","N/a","11.12.2020"
"/kraski_i_emali/interernye/dlya-gipsokartona/tikkurila_siro_himmea","200","N/a","11.12.2020"
"/kraski_i_emali/interernye/dlya-gipsokartona/tikkurila_tunto_grubozernistaya","200","N/a","11.12.2020"
"/kraski_i_emali/interernye/dlya-gipsokartona/tikkurila_tunto_kamennoe_pokrytie","200","N/a","11.12.2020"
"/kraski_i_emali/interernye/dlya-gipsokartona/tikkurila_tunto_melkozernistaya","200","N/a","11.12.2020"
"/kraski_i_emali/obshchestroitelnye/ml_1110","200","N/a","11.12.2020"
"/kraski_i_emali/obshchestroitelnye/pf_218_khs","200","N/a","11.12.2020"
"/kraski_i_emali/po-betonu/dlya-garazha/ascoat_116_pur","200","N/a","11.12.2020"
"/kraski_i_emali/po-betonu/dlya-garazha/ascoat_119_ep","200","N/a","11.12.2020"
"/kraski_i_emali/po-betonu/dlya-garazha/ascoat_138_pur","200","N/a","11.12.2020"
"/kraski_i_emali/po-betonu/dlya-garazha/ascoat_306_epv","200","N/a","11.12.2020"
"/kraski_i_emali/po-betonu/dlya-garazha/ascoat_911_pur","200","N/a","11.12.2020"
"/kraski_i_emali/po-betonu/dlya-garazha/finncolor_mineral_strong","200","N/a","11.12.2020"
"/kraski_i_emali/po-betonu/dlya-garazha/polimerstoun_1","200","N/a","11.12.2020"
"/kraski_i_emali/po-betonu/dlya-garazha/polimerstoun_akva","200","N/a","11.12.2020"
"/kraski_i_emali/po-betonu/dlya-garazha/teksil","200","N/a","11.12.2020"
"/kraski_i_emali/po-betonu/dlya-garazha/teksipol_","200","N/a","11.12.2020"
"/kraski_i_emali/po-betonu/dlya-garazha/tikkurila_betolux","200","N/a","11.12.2020"
"/kraski_i_emali/po-betonu/dlya-garazha/tikkurila_betolux_akva","200","N/a","11.12.2020"
"/kraski_i_emali/po-betonu/dlya-garazha/tikkurila_euro_facade_plus","200","N/a","11.12.2020"
"/kraski_i_emali/po-betonu/dlya-garazha/tikkurila_facade_silicon","200","N/a","11.12.2020"
"/kraski_i_emali/po-betonu/dlya-garazha/tikkurila_finngard_silikatnaya","200","N/a","11.12.2020"
"/kraski_i_emali/po-betonu/dlya-garazha/tikkurila_finngard_silikonovaya","200","N/a","11.12.2020"
"/kraski_i_emali/po-betonu/dlya-garazha/tikkurila_novasil","200","N/a","11.12.2020"
"/kraski_i_emali/po-betonu/dlya-garazha/tikkurila_prof_facade","200","N/a","11.12.2020"
"/kraski_i_emali/po-betonu/dlya-garazha/tikkurila_prof_facade_aqua","200","N/a","11.12.2020"
"/kraski_i_emali/po-betonu/dlya-garazha/tikkurila_yki","200","N/a","11.12.2020"
"/kraski_i_emali/po-betonu/dlya-parkovok/ascoat_116_pur","200","N/a","11.12.2020"
"/kraski_i_emali/po-betonu/dlya-parkovok/ascoat_118_pur","200","N/a","11.12.2020"
"/kraski_i_emali/po-betonu/dlya-parkovok/ascoat_119_ep","200","N/a","11.12.2020"
"/kraski_i_emali/po-betonu/dlya-parkovok/ascoat_138_pur","200","N/a","11.12.2020"
"/kraski_i_emali/po-betonu/dlya-parkovok/ascoat_306_epv","200","N/a","11.12.2020"
"/kraski_i_emali/po-betonu/dlya-parkovok/ascoat_911_pur","200","N/a","11.12.2020"
"/kraski_i_emali/po-betonu/dlya-parkovok/betostoun","200","N/a","11.12.2020"
"/kraski_i_emali/po-betonu/dlya-parkovok/betostoun_akva","200","N/a","11.12.2020"
"/kraski_i_emali/po-betonu/dlya-parkovok/epoksipol","200","N/a","11.12.2020"
"/kraski_i_emali/po-betonu/dlya-parkovok/marshall_akrikor_kraska_strukturnaya","200","N/a","11.12.2020"
"/kraski_i_emali/po-betonu/dlya-parkovok/polibetol","200","N/a","11.12.2020"
"/kraski_i_emali/po-betonu/dlya-parkovok/polibetol_ultra","200","N/a","11.12.2020"
"/kraski_i_emali/po-betonu/dlya-parkovok/polimerstoun_akva","200","N/a","11.12.2020"
"/kraski_i_emali/po-betonu/dlya-parkovok/teksil","200","N/a","11.12.2020"
"/kraski_i_emali/po-betonu/dlya-parkovok/teksipol_","200","N/a","11.12.2020"
"/kraski_i_emali/po-betonu/dlya-parkovok/tikkurila_betolux","200","N/a","11.12.2020"
"/kraski_i_emali/po-betonu/dlya-parkovok/tikkurila_finngard_silikatnaya","200","N/a","11.12.2020"
"/kraski_i_emali/po-betonu/dlya-parkovok/tikkurila_finngard_silikonovaya","200","N/a","11.12.2020"
"/kraski_i_emali/po-betonu/dlya-parkovok/tikkurila_yki","200","N/a","11.12.2020"
"/kraski_i_emali/po-derevu/dlya-dachi/biofa_5175_5177_lazur_dlya_vnutrennikh_rabot","200","N/a","11.12.2020"
"/kraski_i_emali/po-derevu/dlya-derevyannogo-potolka/biofa_1075_lazur_dlya_dereva","200","N/a","11.12.2020"
"/kraski_i_emali/po-derevu/dlya-derevyannogo-potolka/drevoshchit","200","N/a","11.12.2020"
"/kraski_i_emali/po-derevu/dlya-derevyannogo-potolka/emal_pf_115_universal","200","N/a","11.12.2020"
"/kraski_i_emali/po-derevu/dlya-derevyannogo-potolka/neomid_kraska_ognezashchitnaya_interernaya","200","N/a","11.12.2020"
"/kraski_i_emali/po-derevu/dlya-derevyannogo-potolka/tikkurila_joker","200","N/a","11.12.2020"
"/kraski_i_emali/po-derevu/dlya-derevyannogo-potolka/tikkurila_lumi","200","N/a","11.12.2020"
"/kraski_i_emali/po-derevu/dlya-derevyannogo-potolka/tikkurila_remontti_assa","200","N/a","11.12.2020"
"/kraski_i_emali/po-metallu/ascoat_108_vn","200","N/a","11.12.2020"
"/kraski_i_emali/po-metallu/ascoat_128_al","200","N/a","11.12.2020"
"/kraski_i_emali/po-metallu/ascoat_301_ep","200","N/a","11.12.2020"
"/kraski_i_emali/po-metallu/ascoat_309_epk","200","N/a","11.12.2020"
"/kraski_i_emali/po-metallu/ascoat_310_purk","200","N/a","11.12.2020"
"/kraski_i_emali/po-metallu/ascoat_808_aqua","200","N/a","11.12.2020"
"/kraski_i_emali/po-metallu/ascoat_molotok","200","N/a","11.12.2020"
"/kraski_i_emali/po-metallu/ascoat_zn_primer","200","N/a","11.12.2020"
"/kraski_i_emali/po-metallu/dlya-agressivnykh-sred/alyuminol","200","N/a","11.12.2020"
"/kraski_i_emali/po-metallu/dlya-agressivnykh-sred/ascoat_301_ep","200","N/a","11.12.2020"
"/kraski_i_emali/po-metallu/dlya-agressivnykh-sred/ascoat_309_epk","200","N/a","11.12.2020"
"/kraski_i_emali/po-metallu/dlya-agressivnykh-sred/ascoat_310_purk","200","N/a","11.12.2020"
"/kraski_i_emali/po-metallu/dlya-agressivnykh-sred/ascoat_pool_pur","200","N/a","11.12.2020"
"/kraski_i_emali/po-metallu/dlya-agressivnykh-sred/epostat_md_400","200","N/a","11.12.2020"
"/kraski_i_emali/po-metallu/dlya-agressivnykh-sred/epostat_vd_70","200","N/a","11.12.2020"
"/kraski_i_emali/po-metallu/dlya-agressivnykh-sred/hammerite_polumatovaya","200","N/a","11.12.2020"
"/kraski_i_emali/po-metallu/dlya-agressivnykh-sred/serebrol","200","N/a","11.12.2020"
"/kraski_i_emali/po-metallu/dlya-agressivnykh-sred/tsinkomet","200","N/a","11.12.2020"
"/kraski_i_emali/po-metallu/dlya-chernykh-metallov/ascoat_108_vn","200","N/a","11.12.2020"
"/kraski_i_emali/po-metallu/dlya-chernykh-metallov/ascoat_128_al","200","N/a","11.12.2020"
"/kraski_i_emali/po-metallu/dlya-chernykh-metallov/ascoat_201_ak","200","N/a","11.12.2020"
"/kraski_i_emali/po-metallu/dlya-chernykh-metallov/ascoat_208_au_","200","N/a","11.12.2020"
"/kraski_i_emali/po-metallu/dlya-chernykh-metallov/ascoat_301_ep","200","N/a","11.12.2020"
"/kraski_i_emali/po-metallu/dlya-chernykh-metallov/ascoat_303_epv","200","N/a","11.12.2020"
"/kraski_i_emali/po-metallu/dlya-chernykh-metallov/ascoat_308_pu","200","N/a","11.12.2020"
"/kraski_i_emali/po-metallu/dlya-chernykh-metallov/ascoat_808_aqua","200","N/a","11.12.2020"
"/kraski_i_emali/po-metallu/dlya-chernykh-metallov/ascoat_grafit","200","N/a","11.12.2020"
"/kraski_i_emali/po-metallu/dlya-chernykh-metallov/bystromet","200","N/a","11.12.2020"
"/kraski_i_emali/po-metallu/dlya-chernykh-metallov/epokhim_200_s","200","N/a","11.12.2020"
"/kraski_i_emali/po-metallu/dlya-chernykh-metallov/epostat_bl_300","200","N/a","11.12.2020"
"/kraski_i_emali/po-metallu/dlya-chernykh-metallov/epostat_mastic","200","N/a","11.12.2020"
"/kraski_i_emali/po-metallu/dlya-chernykh-metallov/epostat_md_400","200","N/a","11.12.2020"
"/kraski_i_emali/po-metallu/dlya-chernykh-metallov/epostat_vd_70","200","N/a","11.12.2020"
"/kraski_i_emali/po-metallu/dlya-chernykh-metallov/khv_0278","200","N/a","11.12.2020"
"/kraski_i_emali/po-metallu/dlya-chernykh-metallov/nerzhalyuks","200","N/a","11.12.2020"
"/kraski_i_emali/po-metallu/dlya-chernykh-metallov/nerzhamet","200","N/a","11.12.2020"
"/kraski_i_emali/po-metallu/dlya-chernykh-metallov/polimeron","200","N/a","11.12.2020"
"/kraski_i_emali/po-metallu/dlya-kessonov-i-gazgolderov/ascoat_201_ak","200","N/a","11.12.2020"
"/kraski_i_emali/po-metallu/dlya-kessonov-i-gazgolderov/ascoat_208_au_","200","N/a","11.12.2020"
"/kraski_i_emali/po-metallu/dlya-kessonov-i-gazgolderov/ascoat_303_epv","200","N/a","11.12.2020"
"/kraski_i_emali/po-metallu/dlya-kessonov-i-gazgolderov/ascoat_308_pu","200","N/a","11.12.2020"
"/kraski_i_emali/po-metallu/dlya-kessonov-i-gazgolderov/ascoat_309_epk","200","N/a","11.12.2020"
"/kraski_i_emali/po-metallu/dlya-kessonov-i-gazgolderov/ascoat_zn_primer","200","N/a","11.12.2020"
"/kraski_i_emali/po-metallu/dlya-kessonov-i-gazgolderov/nerzhakhim","200","N/a","11.12.2020"
"/kraski_i_emali/po-metallu/dlya-kessonov-i-gazgolderov/tikkurila_panssarimaali","200","N/a","11.12.2020"
"/kraski_i_emali/po-metallu/khv_0278","200","N/a","11.12.2020"
"/kraski_i_emali/po-metallu/khv_1120","200","N/a","11.12.2020"
"/kraski_i_emali/po-metallu/tikkurila_empire","200","N/a","11.12.2020"
"/kraski_i_emali/po-metallu/tikkurila_euro_miralkyd_90","200","N/a","11.12.2020"
"/kraski_i_emali/po-metallu/tikkurila_miranol","200","N/a","11.12.2020"
"/kraski_i_emali/po-metallu/tikkurila_unica_akva_maali","200","N/a","11.12.2020"
"/kraski_i_emali/spetsialnye/dlya-razmetki/ak_501","200","N/a","11.12.2020"
"/kraski_i_emali/spetsialnye/dlya-razmetki/ak_505","200","N/a","11.12.2020"
"/kraski_i_emali/spetsialnye/dlya-razmetki/ak_511","200","N/a","11.12.2020"
"/kraski_i_emali/spetsialnye/dlya-razmetki/ascoat_border","200","N/a","11.12.2020"
"/kraski_i_emali/spetsialnye/dlya-razmetki/ascoat_road","200","N/a","11.12.2020"
"/kraski_i_emali/spetsialnye/dlya-razmetki/politaks_77pu_2_50uf","200","N/a","11.12.2020"
"/kraski_i_emali/spetsialnye/molotkovaya/ascoat_molotok","200","N/a","11.12.2020"
"/kraski_i_emali/spetsialnye/molotkovaya/hammerite_molotkovaya","200","N/a","11.12.2020"
"/antiseptiki/ognebiozashchita/biofa_1030_wood_bliss","200","N/a","10.12.2020"
"/articles/kraski-dlya-betonnogo-pola-vidy-i-vozmozhnosti-ispolzovaniya/","200","N/a","10.12.2020"
"/articles/rastvoriteli-vidy-i-ispolzovanie-/","200","N/a","10.12.2020"
"/kraski_i_emali/dlya-dorozhnoy-razmetki/ak_501","200","N/a","10.12.2020"
"/kraski_i_emali/dlya-dorozhnoy-razmetki/ak_511","200","N/a","10.12.2020"
"/kraski_i_emali/dlya-dorozhnoy-razmetki/ascoat_road","200","N/a","10.12.2020"
"/kraski_i_emali/fasadnye/dlya-shkol/Finncolor_mineral_gamma","200","N/a","10.12.2020"
"/kraski_i_emali/fasadnye/dlya-shkol/dulux_trade","200","N/a","10.12.2020"
"/kraski_i_emali/fasadnye/dlya-shkol/fasadka_teplozashchita_antiplesen","200","N/a","10.12.2020"
"/kraski_i_emali/fasadnye/dlya-shkol/finncolor_mineral_strong","200","N/a","10.12.2020"
"/kraski_i_emali/fasadnye/dlya-shkol/marshall_akrikor_kraska_fasadnaya","200","N/a","10.12.2020"
"/kraski_i_emali/fasadnye/dlya-shkol/marshall_akrikor_kraska_strukturnaya","200","N/a","10.12.2020"
"/kraski_i_emali/fasadnye/dlya-shkol/proakril","200","N/a","10.12.2020"
"/kraski_i_emali/fasadnye/dlya-shkol/tikkurila_euro_facade_plus","200","N/a","10.12.2020"
"/kraski_i_emali/fasadnye/dlya-shkol/tikkurila_facade_silicon","200","N/a","10.12.2020"
"/kraski_i_emali/fasadnye/dlya-shkol/tikkurila_prof_facade","200","N/a","10.12.2020"
"/kraski_i_emali/fasadnye/dlya-shkol/tikkurila_prof_facade_aqua","200","N/a","10.12.2020"
"/kraski_i_emali/fasadnye/dlya-shkol/tikkurila_yki","200","N/a","10.12.2020"
"/kraski_i_emali/fasadnye/po-kirpichu/akrial_lyuks","200","N/a","10.12.2020"
"/kraski_i_emali/fasadnye/po-kirpichu/caparol_capamur_finish","200","N/a","10.12.2020"
"/kraski_i_emali/fasadnye/po-kirpichu/caparol_fibrosil","200","N/a","10.12.2020"
"/kraski_i_emali/fasadnye/po-kirpichu/caparol_sylitol_plus","200","N/a","10.12.2020"
"/kraski_i_emali/fasadnye/po-kirpichu/dulux_trade","200","N/a","10.12.2020"
"/kraski_i_emali/fasadnye/po-kirpichu/fasad_lyuks","200","N/a","10.12.2020"
"/kraski_i_emali/fasadnye/po-kirpichu/fasadka_teplozashchita_antiplesen","200","N/a","10.12.2020"
"/kraski_i_emali/fasadnye/po-kirpichu/marshall_akrikor_kraska_fasadnaya","200","N/a","10.12.2020"
"/kraski_i_emali/fasadnye/po-kirpichu/marshall_maestro_kraska_akrilovaya_fasadnaya","200","N/a","10.12.2020"
"/kraski_i_emali/fasadnye/po-kirpichu/tikkurila_euro_facade_plus","200","N/a","10.12.2020"
"/kraski_i_emali/fasadnye/po-kirpichu/tikkurila_finngard_silikatnaya","200","N/a","10.12.2020"
"/kraski_i_emali/fasadnye/po-kirpichu/tikkurila_finngard_silikonovaya","200","N/a","10.12.2020"
"/kraski_i_emali/fasadnye/po-kirpichu/tikkurila_prof_facade_aqua","200","N/a","10.12.2020"
"/kraski_i_emali/krovelnye/ascoat_208_au_","200","N/a","10.12.2020"
"/kraski_i_emali/krovelnye/dlya-vodostokov/ascoat_108_vn","200","N/a","10.12.2020"
"/kraski_i_emali/krovelnye/dlya-vodostokov/ascoat_201_ak","200","N/a","10.12.2020"
"/kraski_i_emali/krovelnye/dlya-vodostokov/ascoat_208_au_","200","N/a","10.12.2020"
"/kraski_i_emali/krovelnye/dlya-vodostokov/ascoat_303_epv","200","N/a","10.12.2020"
"/kraski_i_emali/krovelnye/dlya-vodostokov/ascoat_308_pu","200","N/a","10.12.2020"
"/kraski_i_emali/krovelnye/dlya-vodostokov/tsikrol_2sh","200","N/a","10.12.2020"
"/kraski_i_emali/krovelnye/dlya-vodostokov/tsikrol_50ms","200","N/a","10.12.2020"
"/kraski_i_emali/krovelnye/dlya-vodostokov/tsikrol_akva","200","N/a","10.12.2020"
"/kraski_i_emali/krovelnye/tikkurila_miranol","200","N/a","10.12.2020"
"/kraski_i_emali/po-betonu/dlya-detskikh-sadov/ascoat_116_pur","200","N/a","10.12.2020"
"/kraski_i_emali/po-betonu/dlya-detskikh-sadov/ascoat_118_pur","200","N/a","10.12.2020"
"/kraski_i_emali/po-betonu/dlya-detskikh-sadov/ascoat_306_epv","200","N/a","10.12.2020"
"/kraski_i_emali/po-betonu/dlya-detskikh-sadov/ascoat_801_ep_aqua_","200","N/a","10.12.2020"
"/kraski_i_emali/po-betonu/dlya-detskikh-sadov/ascoat_802_aqua","200","N/a","10.12.2020"
"/kraski_i_emali/po-betonu/dlya-detskikh-sadov/caparol_fibrosil","200","N/a","10.12.2020"
"/kraski_i_emali/po-betonu/dlya-detskikh-sadov/caparol_sylitol_nqg","200","N/a","10.12.2020"
"/kraski_i_emali/po-betonu/dlya-detskikh-sadov/caparol_sylitol_plus","200","N/a","10.12.2020"
"/kraski_i_emali/po-betonu/dlya-detskikh-sadov/finncolor_mineral_strong","200","N/a","10.12.2020"
"/kraski_i_emali/po-betonu/dlya-detskikh-sadov/polibetol","200","N/a","10.12.2020"
"/kraski_i_emali/po-betonu/dlya-detskikh-sadov/polimerstoun_1","200","N/a","10.12.2020"
"/kraski_i_emali/po-betonu/dlya-detskikh-sadov/polimerstoun_akva","200","N/a","10.12.2020"
"/kraski_i_emali/po-betonu/dlya-detskikh-sadov/teksil","200","N/a","10.12.2020"
"/kraski_i_emali/po-betonu/dlya-detskikh-sadov/teksipol_","200","N/a","10.12.2020"
"/kraski_i_emali/po-betonu/dlya-detskikh-sadov/tikkurila_euro_facade_plus","200","N/a","10.12.2020"
"/kraski_i_emali/po-betonu/dlya-detskikh-sadov/tikkurila_facade_silicon","200","N/a","10.12.2020"
"/kraski_i_emali/po-betonu/dlya-detskikh-sadov/tikkurila_finngard_silikonovaya","200","N/a","10.12.2020"
"/kraski_i_emali/po-betonu/dlya-detskikh-sadov/tikkurila_joker","200","N/a","10.12.2020"
"/kraski_i_emali/po-betonu/dlya-detskikh-sadov/tikkurila_novasil","200","N/a","10.12.2020"
"/kraski_i_emali/po-betonu/dlya-detskikh-sadov/tikkurila_prof_facade","200","N/a","10.12.2020"
"/kraski_i_emali/po-betonu/dlya-detskikh-sadov/tikkurila_prof_facade_aqua","200","N/a","10.12.2020"
"/kraski_i_emali/po-betonu/dlya-detskikh-sadov/tikkurila_yki","200","N/a","10.12.2020"
"/kraski_i_emali/po-betonu/dlya-detskikh-sadov/tikkurila_yki_aitokivi","200","N/a","10.12.2020"
"/kraski_i_emali/po-betonu/dlya-otmostki/ascoat_116_pur","200","N/a","10.12.2020"
"/kraski_i_emali/po-betonu/dlya-otmostki/ascoat_306_epv","200","N/a","10.12.2020"
"/kraski_i_emali/po-betonu/dlya-otmostki/ascoat_border","200","N/a","10.12.2020"
"/kraski_i_emali/po-betonu/dlya-otmostki/betostoun","200","N/a","10.12.2020"
"/kraski_i_emali/po-betonu/dlya-otmostki/betostoun_akva","200","N/a","10.12.2020"
"/kraski_i_emali/po-betonu/dlya-otmostki/epoksipol","200","N/a","10.12.2020"
"/kraski_i_emali/po-betonu/dlya-otmostki/polibetol","200","N/a","10.12.2020"
"/kraski_i_emali/po-betonu/dlya-otmostki/polibetol_ultra","200","N/a","10.12.2020"
"/kraski_i_emali/po-betonu/dlya-otmostki/polimerstoun_akva","200","N/a","10.12.2020"
"/kraski_i_emali/po-betonu/dlya-otmostki/teksil","200","N/a","10.12.2020"
"/kraski_i_emali/po-betonu/dlya-otmostki/teksipol_","200","N/a","10.12.2020"
"/kraski_i_emali/po-betonu/dlya-otmostki/tikkurila_finngard_silikatnaya","200","N/a","10.12.2020"
"/kraski_i_emali/po-derevu/dlya-brusa/drevoplast","200","N/a","10.12.2020"
"/kraski_i_emali/po-derevu/dlya-brusa/dulux_domus","200","N/a","10.12.2020"
"/kraski_i_emali/po-derevu/dlya-derevyannogo-doma/tikkurila_miranol","200","N/a","10.12.2020"
"/kraski_i_emali/po-derevu/dlya-derevyannogo-zabora/drevoplast","200","N/a","10.12.2020"
"/kraski_i_emali/po-derevu/dlya-derevyannogo-zabora/tikkurila_euro_miralkyd_90","200","N/a","10.12.2020"
"/kraski_i_emali/po-derevu/dlya-derevyannogo-zabora/tikkurila_pika_teho","200","N/a","10.12.2020"
"/kraski_i_emali/po-derevu/dlya-derevyannogo-zabora/tikkurila_teho_maslyanaya","200","N/a","10.12.2020"
"/kraski_i_emali/po-derevu/dlya-derevyannykh-okon/drevoshchit","200","N/a","10.12.2020"
"/kraski_i_emali/po-derevu/dlya-derevyannykh-okon/neomid_kraska_ognezashchitnaya_interernaya","200","N/a","10.12.2020"
"/kraski_i_emali/po-derevu/dlya-derevyannykh-okon/tikkurila_pesto","200","N/a","10.12.2020"
"/kraski_i_emali/po-derevu/dlya-derevyannykh-okon/tikkurila_pika_teho","200","N/a","10.12.2020"
"/kraski_i_emali/po-derevu/dlya-derevyannykh-okon/tikkurila_unica_akva_maali","200","N/a","10.12.2020"
"/kraski_i_emali/po-derevu/dlya-naruzhnykh-rabot/ascoat_rube","200","N/a","10.12.2020"
"/kraski_i_emali/po-derevu/dlya-naruzhnykh-rabot/biofa_1075_lazur_dlya_dereva","200","N/a","10.12.2020"
"/kraski_i_emali/po-derevu/dlya-naruzhnykh-rabot/drevoplast","200","N/a","10.12.2020"
"/kraski_i_emali/po-derevu/dlya-naruzhnykh-rabot/drevoshchit","200","N/a","10.12.2020"
"/kraski_i_emali/po-derevu/dlya-naruzhnykh-rabot/dulux_domus","200","N/a","10.12.2020"
"/kraski_i_emali/po-derevu/dlya-naruzhnykh-rabot/dulux_domus_aqua","200","N/a","10.12.2020"
"/kraski_i_emali/po-derevu/dlya-naruzhnykh-rabot/emal_pf_115_universal","200","N/a","10.12.2020"
"/kraski_i_emali/po-derevu/dlya-naruzhnykh-rabot/tikkurila_euro_miralkyd_90","200","N/a","10.12.2020"
"/kraski_i_emali/po-derevu/dlya-naruzhnykh-rabot/tikkurila_pika_teho","200","N/a","10.12.2020"
"/kraski_i_emali/po-derevu/dlya-naruzhnykh-rabot/tikkurila_teho_maslyanaya","200","N/a","10.12.2020"
"/kraski_i_emali/po-derevu/dlya-sruba/biofa_1075_lazur_dlya_dereva","200","N/a","10.12.2020"
"/kraski_i_emali/po-derevu/dlya-sruba/drevoplast","200","N/a","10.12.2020"
"/kraski_i_emali/po-derevu/dlya-sruba/drevoshchit","200","N/a","10.12.2020"
"/kraski_i_emali/po-derevu/dlya-sruba/dulux_domus","200","N/a","10.12.2020"
"/kraski_i_emali/po-derevu/dlya-sruba/dulux_domus_aqua","200","N/a","10.12.2020"
"/kraski_i_emali/po-derevu/dlya-sruba/tikkurila_pika_teho","200","N/a","10.12.2020"
"/kraski_i_emali/po-derevu/dlya-sruba/tikkurila_teho_maslyanaya","200","N/a","10.12.2020"
"/kraski_i_emali/po-metallu/dlya-vnutrennikh-rabot/akvametallik_3_v_1","200","N/a","10.12.2020"
"/kraski_i_emali/po-metallu/dlya-vnutrennikh-rabot/akvametallik_50ms","200","N/a","10.12.2020"
"/kraski_i_emali/po-metallu/dlya-vnutrennikh-rabot/ascoat_108_vn","200","N/a","10.12.2020"
"/kraski_i_emali/po-metallu/dlya-vnutrennikh-rabot/ascoat_303_epv","200","N/a","10.12.2020"
"/kraski_i_emali/po-metallu/dlya-vnutrennikh-rabot/ascoat_308_pu","200","N/a","10.12.2020"
"/kraski_i_emali/po-metallu/dlya-vnutrennikh-rabot/bystromet","200","N/a","10.12.2020"
"/kraski_i_emali/po-metallu/dlya-vnutrennikh-rabot/epokhim","200","N/a","10.12.2020"
"/kraski_i_emali/po-metallu/dlya-vnutrennikh-rabot/epostat_mastic","200","N/a","10.12.2020"
"/kraski_i_emali/po-metallu/dlya-vnutrennikh-rabot/epostat_vd_70","200","N/a","10.12.2020"
"/kraski_i_emali/po-metallu/dlya-vnutrennikh-rabot/moloteks_2sh","200","N/a","10.12.2020"
"/kraski_i_emali/po-metallu/dlya-vnutrennikh-rabot/nerzhakhim","200","N/a","10.12.2020"
"/kraski_i_emali/po-metallu/dlya-vnutrennikh-rabot/nerzhalyuks","200","N/a","10.12.2020"
"/kraski_i_emali/po-metallu/dlya-vnutrennikh-rabot/poliuretol","200","N/a","10.12.2020"
"/kraski_i_emali/po-metallu/dlya-vnutrennikh-rabot/poliuretol_20s_uf","200","N/a","10.12.2020"
"/kraski_i_emali/po-metallu/dlya-vnutrennikh-rabot/radikor","200","N/a","10.12.2020"
"/kraski_i_emali/po-metallu/dlya-vnutrennikh-rabot/termoksol_uf","200","N/a","10.12.2020"
"/kraski_i_emali/po-metallu/dlya-vnutrennikh-rabot/tikkurila_empire","200","N/a","10.12.2020"
"/kraski_i_emali/po-metallu/dlya-vnutrennikh-rabot/tikkurila_panssarimaali","200","N/a","10.12.2020"
"/kraski_i_emali/po-metallu/dlya-vnutrennikh-rabot/tselsit_500","200","N/a","10.12.2020"
"/kraski_i_emali/po-metallu/dlya-vnutrennikh-rabot/tsinkomet","200","N/a","10.12.2020"
"/kraski_i_emali/poliuretol_akva","200","N/a","10.12.2020"
"/kraski_i_emali/radikor","200","N/a","10.12.2020"
"/kraski_i_emali/spetsialnye/dekorativnaya/ascoat_201_ak","200","N/a","10.12.2020"
"/kraski_i_emali/spetsialnye/dekorativnaya/ascoat_grafit","200","N/a","10.12.2020"
"/kraski_i_emali/spetsialnye/dekorativnaya/ascoat_molotok","200","N/a","10.12.2020"
"/kraski_i_emali/spetsialnye/dekorativnaya/hammerite_polumatovaya","200","N/a","10.12.2020"
"/kraski_i_emali/spetsialnye/dlya-otsinkovannogo-metalla/ascoat_201_ak","200","N/a","10.12.2020"
"/kraski_i_emali/spetsialnye/dlya-otsinkovannogo-metalla/ascoat_303_epv","200","N/a","10.12.2020"
"/kraski_i_emali/spetsialnye/dlya-otsinkovannogo-metalla/ascoat_308_pu","200","N/a","10.12.2020"
"/kraski_i_emali/spetsialnye/dlya-otsinkovannogo-metalla/ascoat_p_primer","200","N/a","10.12.2020"
"/kraski_i_emali/spetsialnye/dlya-otsinkovannogo-metalla/neomid_020","200","N/a","10.12.2020"
"/kraski_i_emali/spetsialnye/dlya-tsvetnogo-metalla/ascoat_303_epv","200","N/a","10.12.2020"
"/kraski_i_emali/spetsialnye/dlya-tsvetnogo-metalla/ascoat_308_pu","200","N/a","10.12.2020"
"/kraski_i_emali/spetsialnye/dlya-tsvetnogo-metalla/ascoat_p_primer","200","N/a","10.12.2020"
"/kraski_i_emali/spetsialnye/dlya-tsvetnogo-metalla/ep_140","200","N/a","10.12.2020"
"/kraski_i_emali/spetsialnye/dlya-zabora/ascoat_128_al","200","N/a","10.12.2020"
"/kraski_i_emali/spetsialnye/dlya-zabora/ascoat_201_ak","200","N/a","10.12.2020"
"/kraski_i_emali/spetsialnye/dlya-zabora/ascoat_208_au_","200","N/a","10.12.2020"
"/kraski_i_emali/spetsialnye/dlya-zabora/ascoat_303_epv","200","N/a","10.12.2020"
"/kraski_i_emali/spetsialnye/rezinovaya-kraska/ascoat_rube","200","N/a","10.12.2020"
"/kraski_i_emali/tikkurila_facade_silicon","200","N/a","10.12.2020"
"/masla-i-voski/dlya-naruzhnykh-rabot/biofa_2043_maslo_po_derevu","200","N/a","10.12.2020"
"/masla-i-voski/dlya-naruzhnykh-rabot/biofa_3752_tikovoe_maslo","200","N/a","10.12.2020"
"/masla-i-voski/dlya-naruzhnykh-rabot/biofa_3753","200","N/a","10.12.2020"
"/masla-i-voski/dlya-naruzhnykh-rabot/saicos_holzlasur","200","N/a","10.12.2020"
"/masla-i-voski/dlya-naruzhnykh-rabot/saicos_klarlasur","200","N/a","10.12.2020"
"/masla-i-voski/dlya-naruzhnykh-rabot/saicos_vergrauungs_lasur","200","N/a","10.12.2020"
"/masla-i-voski/dlya-naruzhnykh-rabot/tikkurila_valtti_puuoljy","200","N/a","10.12.2020"
"/rastvoriteli/metilen_khloristyy","200","N/a","10.12.2020"
"/smyvki_i_preobrazovateli_rzhavchiny/preobrazovateli-rzhavchini/ascoat_stop_rust","200","N/a","10.12.2020"
"/smyvki_i_preobrazovateli_rzhavchiny/preobrazovateli-rzhavchini/fosfomet","200","N/a","10.12.2020"
"/smyvki_i_preobrazovateli_rzhavchiny/preobrazovateli-rzhavchini/fosfomet_zima","200","N/a","10.12.2020"
"/about/promo/hammerite-so-skidkoy/","200","N/a","10.12.2020"
"/about/promo/spetsialnoe-predlozhenie-pri-pokupke-grunt-emali/","200","N/a","10.12.2020"
"/about/promo/tikkurila-vinha-baza-vc-9l/","200","N/a","10.12.2020"
"/brands/biofa/?SHOWALL_2=1","200","N/a","10.12.2020"
"/catalogdlya-dorozhnoy-razmetki/ascoat_road/","404","N/a","10.12.2020"
"/cataloginterernye","404","N/a","10.12.2020"
"/cataloginterernye/dlya-gipsokartona/tikkurila_harmony/","404","N/a","10.12.2020"
"/cataloginterernye/dlya-vnutrennikh-rabot/marshall_export_7/","404","N/a","10.12.2020"
"/catalogkhv_124/","404","N/a","10.12.2020"
"/catalognts_132/","404","N/a","10.12.2020"
"/catalogpo-betonu/dlya-avtomoyki/ascoat_911_pur/","404","N/a","10.12.2020"
"/catalogpo-betonu/dlya-betona-na-ulitse/tikkurila_prof_facade_aqua/","404","N/a","10.12.2020"
"/catalogpo-derevu/dlya-derevyannykh-dverey/tikkurila_pesto/","404","N/a","10.12.2020"
"/catalogpo-metallu/po-staroy-kraske/epokhim/","404","N/a","10.12.2020"
"/catalogpoliuretol","404","N/a","10.12.2020"
"/catalogsaicos_speed_up/","404","N/a","10.12.2020"
"/catalogvalik_poliamid_230_mm/","404","N/a","10.12.2020"
"/kraski_i_emali/ascoat_201_ak","200","N/a","10.12.2020"
"/kraski_i_emali/dlya-dorozhnoy-razmetki/ak_505","200","N/a","10.12.2020"
"/kraski_i_emali/dlya-dorozhnoy-razmetki/ascoat_138_pur","200","N/a","10.12.2020"
"/kraski_i_emali/dlya-dorozhnoy-razmetki/ascoat_border","200","N/a","10.12.2020"
"/kraski_i_emali/dlya-dorozhnoy-razmetki/bordyur_kolor","200","N/a","10.12.2020"
"/kraski_i_emali/dlya-dorozhnoy-razmetki/dorozhka","200","N/a","10.12.2020"
"/kraski_i_emali/fasadnye/dlya-shkol/akrial_lyuks","200","N/a","10.12.2020"
"/kraski_i_emali/fasadnye/dlya-shkol/caparol_fibrosil","200","N/a","10.12.2020"
"/kraski_i_emali/fasadnye/dlya-shkol/caparol_sylitol_nqg","200","N/a","10.12.2020"
"/kraski_i_emali/fasadnye/dlya-shkol/caparol_sylitol_plus","200","N/a","10.12.2020"
"/kraski_i_emali/fasadnye/dlya-shkol/dulux_bindo_facade","200","N/a","10.12.2020"
"/kraski_i_emali/fasadnye/dlya-shkol/fasad_lyuks","200","N/a","10.12.2020"
"/kraski_i_emali/fasadnye/dlya-shkol/fasadka_uf","200","N/a","10.12.2020"
"/kraski_i_emali/fasadnye/dlya-shkol/marshall_maestro_kraska_akrilovaya_fasadnaya","200","N/a","10.12.2020"
"/kraski_i_emali/fasadnye/dlya-shkol/tikkurila_finngard","200","N/a","10.12.2020"
"/kraski_i_emali/fasadnye/dlya-shkol/tikkurila_finngard_silikatnaya","200","N/a","10.12.2020"
"/kraski_i_emali/fasadnye/dlya-shkol/tikkurila_finngard_silikonovaya","200","N/a","10.12.2020"
"/kraski_i_emali/fasadnye/po-kirpichu/Finncolor_mineral_gamma","200","N/a","10.12.2020"
"/kraski_i_emali/fasadnye/po-kirpichu/caparol_sylitol_nqg","200","N/a","10.12.2020"
"/kraski_i_emali/fasadnye/po-kirpichu/dulux_bindo_facade","200","N/a","10.12.2020"
"/kraski_i_emali/fasadnye/po-kirpichu/fasadka_uf","200","N/a","10.12.2020"
"/kraski_i_emali/fasadnye/po-kirpichu/finncolor_mineral_strong","200","N/a","10.12.2020"
"/kraski_i_emali/fasadnye/po-kirpichu/marshall_akrikor_kraska_strukturnaya","200","N/a","10.12.2020"
"/kraski_i_emali/fasadnye/po-kirpichu/proakril","200","N/a","10.12.2020"
"/kraski_i_emali/fasadnye/po-kirpichu/tikkurila_facade_silicon","200","N/a","10.12.2020"
"/kraski_i_emali/fasadnye/po-kirpichu/tikkurila_finngard","200","N/a","10.12.2020"
"/kraski_i_emali/fasadnye/po-kirpichu/tikkurila_prof_facade","200","N/a","10.12.2020"
"/kraski_i_emali/fasadnye/po-kirpichu/tikkurila_yki","200","N/a","10.12.2020"
"/kraski_i_emali/krovelnye/ascoat_108_vn","200","N/a","10.12.2020"
"/kraski_i_emali/krovelnye/ascoat_116_pur","200","N/a","10.12.2020"
"/kraski_i_emali/krovelnye/ascoat_128_al","200","N/a","10.12.2020"
"/kraski_i_emali/krovelnye/ascoat_201_ak","200","N/a","10.12.2020"
"/kraski_i_emali/krovelnye/ascoat_303_epv","200","N/a","10.12.2020"
"/kraski_i_emali/krovelnye/ascoat_308_pu","200","N/a","10.12.2020"
"/kraski_i_emali/krovelnye/ascoat_rube","200","N/a","10.12.2020"
"/kraski_i_emali/krovelnye/dlya-nerzhaveyki","200","301","10.12.2020"
"/kraski_i_emali/krovelnye/politaks_77pu_2_50uf","200","N/a","10.12.2020"
"/kraski_i_emali/krovelnye/shikril","200","N/a","10.12.2020"
"/kraski_i_emali/krovelnye/tikkurila_finngard_silikatnaya","200","N/a","10.12.2020"
"/kraski_i_emali/krovelnye/tikkurila_yki_aitokivi","200","N/a","10.12.2020"
"/kraski_i_emali/krovelnye/tsikrol_2sh","200","N/a","10.12.2020"
"/kraski_i_emali/krovelnye/tsikrol_50ms","200","N/a","10.12.2020"
"/kraski_i_emali/krovelnye/tsikrol_akva","200","N/a","10.12.2020"
"/kraski_i_emali/po-betonu/dlya-otmostki/ascoat_138_pur","200","N/a","10.12.2020"
"/kraski_i_emali/po-betonu/dlya-otmostki/ascoat_200ak","200","N/a","10.12.2020"
"/kraski_i_emali/po-betonu/dlya-otmostki/ascoat_801_ep_aqua_","200","N/a","10.12.2020"
"/kraski_i_emali/po-betonu/dlya-otmostki/caparol_capamur_finish","200","N/a","10.12.2020"
"/kraski_i_emali/po-betonu/dlya-otmostki/tikkurila_yki","200","N/a","10.12.2020"
"/kraski_i_emali/po-derevu/dlya-brusa/biofa_1075_lazur_dlya_dereva","200","N/a","10.12.2020"
"/kraski_i_emali/po-derevu/dlya-brusa/drevoshchit","200","N/a","10.12.2020"
"/kraski_i_emali/po-derevu/dlya-brusa/dulux_domus_aqua","200","N/a","10.12.2020"
"/kraski_i_emali/po-derevu/dlya-brusa/emal_pf_115_universal","200","N/a","10.12.2020"
"/kraski_i_emali/po-derevu/dlya-brusa/tikkurila_euro_miralkyd_90","200","N/a","10.12.2020"
"/kraski_i_emali/po-derevu/dlya-brusa/tikkurila_teho_maslyanaya","200","N/a","10.12.2020"
"/kraski_i_emali/po-derevu/dlya-derevyannogo-doma","200","301","10.12.2020"
"/kraski_i_emali/po-derevu/dlya-derevyannogo-doma/biofa_1075_lazur_dlya_dereva","200","N/a","10.12.2020"
"/kraski_i_emali/po-derevu/dlya-derevyannogo-doma/drevoplast","200","N/a","10.12.2020"
"/kraski_i_emali/po-derevu/dlya-derevyannogo-doma/drevoshchit","200","N/a","10.12.2020"
"/kraski_i_emali/po-derevu/dlya-derevyannogo-doma/dulux_domus_aqua","200","N/a","10.12.2020"
"/kraski_i_emali/po-derevu/dlya-derevyannogo-doma/emal_pf_115_universal","200","N/a","10.12.2020"
"/kraski_i_emali/po-derevu/dlya-derevyannogo-doma/neomid_kraska_ognezashchitnaya_interernaya","200","N/a","10.12.2020"
"/kraski_i_emali/po-derevu/dlya-derevyannogo-doma/tikkurila_teho_maslyanaya","200","N/a","10.12.2020"
"/kraski_i_emali/po-derevu/dlya-derevyannogo-zabora/biofa_1075_lazur_dlya_dereva","200","N/a","10.12.2020"
"/kraski_i_emali/po-derevu/dlya-derevyannogo-zabora/drevoshchit","200","N/a","10.12.2020"
"/kraski_i_emali/po-derevu/dlya-derevyannogo-zabora/dulux_domus","200","N/a","10.12.2020"
"/kraski_i_emali/po-derevu/dlya-derevyannogo-zabora/dulux_domus_aqua","200","N/a","10.12.2020"
"/kraski_i_emali/po-derevu/dlya-derevyannogo-zabora/emal_pf_115_universal","200","N/a","10.12.2020"
"/kraski_i_emali/po-derevu/dlya-derevyannogo-zabora/tikkurila_unica_akva_maali","200","N/a","10.12.2020"
"/kraski_i_emali/po-derevu/dlya-derevyannykh-okon/biofa_1075_lazur_dlya_dereva","200","N/a","10.12.2020"
"/kraski_i_emali/po-derevu/dlya-derevyannykh-okon/drevoplast","200","N/a","10.12.2020"
"/kraski_i_emali/po-derevu/dlya-derevyannykh-okon/dulux_domus","200","N/a","10.12.2020"
"/kraski_i_emali/po-derevu/dlya-derevyannykh-okon/dulux_domus_aqua","200","N/a","10.12.2020"
"/kraski_i_emali/po-derevu/dlya-derevyannykh-okon/emal_pf_115_universal","200","N/a","10.12.2020"
"/kraski_i_emali/po-derevu/dlya-derevyannykh-okon/tikkurila_empire","200","N/a","10.12.2020"
"/kraski_i_emali/po-derevu/dlya-derevyannykh-okon/tikkurila_euro_miralkyd_90","200","N/a","10.12.2020"
"/kraski_i_emali/po-derevu/dlya-derevyannykh-okon/tikkurila_miranol","200","N/a","10.12.2020"
"/kraski_i_emali/po-derevu/dlya-vagonki/biofa_1075_lazur_dlya_dereva","200","N/a","10.12.2020"
"/kraski_i_emali/po-derevu/dlya-vagonki/drevoplast","200","N/a","10.12.2020"
"/kraski_i_emali/po-derevu/dlya-vagonki/drevoshchit","200","N/a","10.12.2020"
"/kraski_i_emali/po-derevu/dlya-vagonki/emal_pf_115_universal","200","N/a","10.12.2020"
"/kraski_i_emali/po-derevu/dlya-vagonki/tikkurila_lumi","200","N/a","10.12.2020"
"/kraski_i_emali/spetsialnye/dlya-otmostki/ascoat_108_vn","200","N/a","10.12.2020"
"/kraski_i_emali/spetsialnye/dlya-otmostki/ascoat_116_pur","200","N/a","10.12.2020"
"/kraski_i_emali/spetsialnye/dlya-otmostki/ascoat_border","200","N/a","10.12.2020"
"/kraski_i_emali/spetsialnye/termostoykaya/pf_218_khs","200","N/a","10.12.2020"
"/kraski_i_emali/spetsialnye/termostoykaya/teplomett_400","200","N/a","10.12.2020"
"/kraski_i_emali/spetsialnye/termostoykaya/termoksol_uf","200","N/a","10.12.2020"
"/kraski_i_emali/spetsialnye/termostoykaya/tselsit_500","200","N/a","10.12.2020"
"/masla-i-voski/dlya-naruzhnykh-rabot/biofa_2043m_maslo_po_derevu","200","N/a","10.12.2020"
"/masla-i-voski/dlya-naruzhnykh-rabot/pinotex_wood_oil_terrace_oil","200","N/a","10.12.2020"
"/masla-i-voski/dlya-naruzhnykh-rabot/saicos_bel_air","200","N/a","10.12.2020"
"/masla-i-voski/dlya-naruzhnykh-rabot/saicos_effekt_lasur","200","N/a","10.12.2020"
"/masla-i-voski/dlya-naruzhnykh-rabot/saicos_haus_garten_farbe","200","N/a","10.12.2020"
"/masla-i-voski/dlya-naruzhnykh-rabot/saicos_holz_spezialol","200","N/a","10.12.2020"
"/masla-i-voski/dlya-naruzhnykh-rabot/saicos_stirnkantenwachs","200","N/a","10.12.2020"
"/masla-i-voski/dlya-naruzhnykh-rabot/saicos_uv_schutzlasur_aussen","200","N/a","10.12.2020"
"/masla-i-voski/dlya-naruzhnykh-rabot/tikkurila_valtti_terrace_oil","200","N/a","10.12.2020"
"/ognezashchitnye-materialy/biofa_1030_wood_bliss","200","301","10.12.2020"
"/polimernye-poly/3d-poly","200","301","10.12.2020"
"/polimernye-poly/iskrobezopasnye-nalivnye-poly","200","301","10.12.2020"
"/propitki/olifa_naturalnaya_lnyanaya","200","N/a","10.12.2020"
"/rastvoriteli/asco_solv_04","200","N/a","10.12.2020"
"/smyvki_i_preobrazovateli_rzhavchiny/preobrazovateli-rzhavchini","200","N/a","10.12.2020"
"/smyvki_i_preobrazovateli_rzhavchiny/preobrazovateli-rzhavchini/armasil","200","N/a","10.12.2020"
"/catalogantikras/","404","N/a","10.12.2020"
"/catalogep_0263/","404","N/a","10.12.2020"
"/catalogepostat_shpatlyevka/","404","N/a","10.12.2020"
"/cataloginterernye/dlya-kvartiry/stenolyuks/","404","N/a","10.12.2020"
"/cataloginterernye/dlya-sten/tikkurila_tunto_grubozernistaya/","404","N/a","10.12.2020"
"/catalogko_916/","404","N/a","10.12.2020"
"/catalogkrovelnye/ascoat_108_vn/","404","N/a","10.12.2020"
"/catalogobshchestroitelnye/os_12_03","404","N/a","10.12.2020"
"/catalogpf_1189/","404","N/a","10.12.2020"
"/catalogpinotex_lacker_yacht/","404","N/a","10.12.2020"
"/catalogpo-betonu","404","N/a","10.12.2020"
"/catalogpo-betonu/dlya-avtomoyki/epostoun_ultra/","404","N/a","10.12.2020"
"/catalogpo-betonu/dlya-betona-na-ulitse/tikkurila_finngard_silikatnaya/","404","N/a","10.12.2020"
"/catalogpo-betonu/dlya-betonnogo-pola","404","N/a","10.12.2020"
"/catalogpo-betonu/dlya-proizvodstvennykh-pomeshcheniy/ascoat_911_pur","404","N/a","10.12.2020"
"/catalogpo-betonu/dlya-shkol/caparol_sol_silikat/","404","N/a","10.12.2020"
"/catalogpo-derevu/dlya-mebeli-iz-dereva/drevoshchit/","404","N/a","10.12.2020"
"/catalogpo-derevu/dlya-sruba/biofa_1075_lazur_dlya_dereva/","404","N/a","10.12.2020"
"/catalogpo-metallu/dlya-chernykh-metallov/poliuretol/","404","N/a","10.12.2020"
"/catalogpo-metallu/dlya-chuguna/hammerite_baza_pod_kolerovku/","404","N/a","10.12.2020"
"/search/?q=%D0%BE%D1%81+12-03&s=","200","N/a","10.12.2020"
"/catalogcaparol_acrylfassadenfarbe/","404","N/a","10.12.2020"
"/catalogdbf_dibutilftalat/","404","N/a","10.12.2020"
"/catalogfl_98/","404","N/a","10.12.2020"
"/cataloginterernye/dlya-kukhni/Finncolor_oasis_hall_office/","404","N/a","10.12.2020"
"/catalogkhrom-i-zoloto/gruntovki/ep_0199/","404","N/a","10.12.2020"
"/catalogkist_radiatornaya_50_mm/","404","N/a","10.12.2020"
"/catalogkraski-metallik/kraska_metallik_aerozol_magicline/","404","N/a","10.12.2020"
"/cataloglaki-aerozolnye/lak_aerozolnyy_glyantsevyy_magicline/","404","N/a","10.12.2020"
"/catalogneomid_ognebiozashchita_dlya_stroitelnykh_lesov/","404","N/a","10.12.2020"
"/catalogpo-betonu/caparol_capasol_tiefgrund/","404","N/a","10.12.2020"
"/catalogpo-betonu/dlya-avtomoyki/ascoat_306_epv/","404","N/a","10.12.2020"
"/catalogpo-betonu/dlya-betonnykh-lestnits-i-marshey/ascoat_116_pur/","404","N/a","10.12.2020"
"/catalogpo-betonu/dlya-proizvodstvennykh-pomeshcheniy/caparol_acrylfassadenfarbe/","404","N/a","10.12.2020"
"/catalogpo-derevu/dlya-mdf/tikkurila_empire/","404","N/a","10.12.2020"
"/catalogpo-metallu/dlya-vody/ascoat_303_epv/","404","N/a","10.12.2020"
"/catalogpo-metallu/goodhim_f01/","404","N/a","10.12.2020"
"/catalogpolimerstoun_akva/","404","N/a","10.12.2020"
"/catalogspetsialnye/dlya-otmostki/kraski_i_emali/khs_436/","404","N/a","10.12.2020"
"/catalogtikkurila_euro_filler_light/","404","N/a","10.12.2020"
"/catalogtikkurila_pesto/","404","N/a","10.12.2020"
"/catalogtsikrol/","404","N/a","10.12.2020"
"/catalogaps_m10","404","N/a","10.12.2020"
"/catalogaps_m10/","404","N/a","10.12.2020"
"/catalogdlya-basseyna/gidrostoun/","404","N/a","10.12.2020"
"/catalogepokhim/","404","N/a","10.12.2020"
"/catalogepoksipol/","404","N/a","10.12.2020"
"/catalogeuro_extra_20/","404","N/a","10.12.2020"
"/cataloggidropan/","404","N/a","10.12.2020"
"/cataloginterernye/Finncolor%20oasis_kitchen_gallery/","404","N/a","10.12.2020"
"/cataloginterernye/caparol_unilatex/","404","N/a","10.12.2020"
"/cataloginterernye/dlya-gipsokartona/tikkurila_pesto/","404","N/a","10.12.2020"
"/cataloginterernye/dlya-sten/Finncolor%20oasis_kitchen_gallery/","404","N/a","10.12.2020"
"/cataloginterernye/dlya-vnutrennikh-rabot/tikkurila_perfecta_interernaya/","404","N/a","10.12.2020"
"/cataloginterernye/marshall_export_7/","404","N/a","10.12.2020"
"/catalogobshchestroitelnye/ko_174/","404","N/a","10.12.2020"
"/catalogpo-betonu/dlya-avtomoyki/betostoun/","404","N/a","10.12.2020"
"/catalogpo-derevu/dlya-dachi/neomid_kraska_ognezashchitnaya_interernaya/","404","N/a","10.12.2020"
"/catalogpo-derevu/dlya-derevyannoy-lestnitsy/kraski_i_emali/khs_759/","404","N/a","10.12.2020"
"/catalogpo-metallu/dlya-alyuminiya/ep_1267/","404","N/a","10.12.2020"
"/catalogpo-metallu/dlya-emkostey/kraski_i_emali/khs_759/","404","N/a","10.12.2020"
"/catalogpo-metallu/dlya-krovelnoy-zhesti/ascoat_201_ak/","404","N/a","10.12.2020"
"/catalogpo-metallu/dlya-truboprovodov/epokhim/","404","N/a","10.12.2020"
"/catalogpo-metallu/os_12_03/","404","N/a","10.12.2020"
"/catalogpo-metallu/pf_1145/","404","N/a","10.12.2020"
"/catalogsaicos_holz_spezialol/","404","N/a","10.12.2020"
"/gidroizolyatsiya/gidropan/","301","404","10.12.2020"
"/kraski_i_emali/interernye/caparol_unilatex/","301","404","10.12.2020"
"/kraski_i_emali/po-betonu/dlya-avtomoyki/betostoun/","301","404","10.12.2020"
"/kraski_i_emali/po-metallu/dlya-alyuminiya/ep_1267/","301","404","10.12.2020"
"/kraski_i_emali/po-metallu/dlya-truboprovodov/epokhim/","301","404","10.12.2020"
"/catalogak_070/","404","N/a","10.12.2020"
"/catalogdlya-asfalta","404","N/a","10.12.2020"
"/catalogdlya-detskikh-shkol","404","N/a","10.12.2020"
"/catalogdulux_acryl_matt","404","N/a","10.12.2020"
"/catalogdulux_domus","404","N/a","10.12.2020"
"/catalogdulux_easy","404","N/a","10.12.2020"
"/catalogdulux_professional_bindo","404","N/a","10.12.2020"
"/catalogdulux_professional_bindo_2","404","N/a","10.12.2020"
"/catalogdulux_professional_bindo_3","404","N/a","10.12.2020"
"/catalogdulux_professional_bindo_expert","404","N/a","10.12.2020"
"/catalogdulux_trade","404","N/a","10.12.2020"
"/catalogdulux_trade_diamond_extra_matt","404","N/a","10.12.2020"
"/catalogdulux_trade_vinyl_extra_matt","404","N/a","10.12.2020"
"/catalogdulux_ultra_resist_gostinye_i_ofisy","404","N/a","10.12.2020"
"/catalogdulux_ultra_resist_gostinye_i_ofisy/","404","N/a","10.12.2020"
"/catalogdulux_ultra_resist_zashchita_ot_pyaten","404","N/a","10.12.2020"
"/catalogepoksidnye-nalivnye-poly","404","N/a","10.12.2020"
"/catalogfasadka_teplozashchita_antiplesen/","404","N/a","10.12.2020"
"/cataloginterernye/dlya-vnutrennikh-rabot","404","N/a","10.12.2020"
"/cataloginterernye/dlya-vnutrennikh-rabot/tikkurila_finngard/","404","N/a","10.12.2020"
"/catalogkhv_518/","404","N/a","10.12.2020"
"/catalogpo-betonu/dlya-avtomoyki","404","N/a","10.12.2020"
"/catalogpo-betonu/dlya-sklada/ascoat_118_pur/","404","N/a","10.12.2020"
"/catalogpo-derevu","404","N/a","10.12.2020"
"/catalogpo-derevu/dlya-derevyannogo-zabora/emal_pf_115_universal/","404","N/a","10.12.2020"
"/catalogpo-derevu/dlya-mebeli-iz-dereva/tikkurila_euro_miralkyd_90/","404","N/a","10.12.2020"
"/catalogpo-derevu/dulux_celco_terra_90","404","N/a","10.12.2020"
"/catalogpo-metallu/dlya-krovelnoy-zhesti/tsinkomet/","404","N/a","10.12.2020"
"/catalogpo-metallu/dlya-metallicheskogo-zabora/nerzhamet/","404","N/a","10.12.2020"
"/catalogpo-metallu/po-staroy-kraske","404","N/a","10.12.2020"
"/catalogpreobrazovateli-rzhavchiny","404","N/a","10.12.2020"
"/catalogsmyvki-krasok","404","N/a","10.12.2020"
"/catalogspetsialnye/p/7","404","N/a","10.12.2020"
"/catalogtermostoykie-kraski","404","N/a","10.12.2020"
"/kraski_i_emali/dulux_acryl_matt","301","N/a","10.12.2020"
"/kraski_i_emali/dulux_domus","301","N/a","10.12.2020"
"/kraski_i_emali/dulux_easy","301","N/a","10.12.2020"
"/kraski_i_emali/dulux_professional_bindo","301","N/a","10.12.2020"
"/kraski_i_emali/dulux_professional_bindo_2","301","N/a","10.12.2020"
"/kraski_i_emali/dulux_professional_bindo_3","301","N/a","10.12.2020"
"/kraski_i_emali/dulux_professional_bindo_expert","301","N/a","10.12.2020"
"/kraski_i_emali/dulux_trade","301","N/a","10.12.2020"
"/kraski_i_emali/dulux_trade_diamond_extra_matt","301","N/a","10.12.2020"
"/kraski_i_emali/dulux_trade_vinyl_extra_matt","301","N/a","10.12.2020"
"/kraski_i_emali/dulux_ultra_resist_gostinye_i_ofisy","301","N/a","10.12.2020"
"/kraski_i_emali/dulux_ultra_resist_zashchita_ot_pyaten","301","N/a","10.12.2020"
"/kraski_i_emali/interernye/dlya-vnutrennikh-rabot","301","200","10.12.2020"
"/kraski_i_emali/po-betonu/dlya-sklada/ascoat_118_pur/","301","404","10.12.2020"
"/kraski_i_emali/spetsialnye/p/7","301","N/a","10.12.2020"
"/sitemap.2018772.xml","404","N/a","10.12.2020"
"/smyvki_i_preobrazovateli_rzhavchiny/preobrazovateli-rzhavchiny","301","200","10.12.2020"
"/smyvki_i_preobrazovateli_rzhavchiny/smyvki-krasok","301","200","10.12.2020"
"/catalogdulux_ultra_resist_zashchita_ot_pyaten/","404","N/a","10.12.2020"
"/catalogepostoun/","404","N/a","10.12.2020"
"/cataloginterernye/dlya-vnutrennikh-rabot/tikkurila_tunto_grubozernistaya/","404","N/a","10.12.2020"
"/catalogpotoloks/","404","N/a","10.12.2020"
"/catalogspetsialnye/dlya-otmostki/gruntovki/ep_0259/","404","N/a","10.12.2020"
"/catalogspetsialnye/molotkovaya/hammerite_molotkovaya/","404","N/a","10.12.2020"
"/catalogFinncolor%20Gravel%20Strong/","404","N/a","10.12.2020"
"/catalogdlya-basseyna/gidrostoun_2_uf/","404","N/a","10.12.2020"
"/cataloginterernye/dlya-kvartiry/biofa_1075_lazur_dlya_dereva/","404","N/a","10.12.2020"
"/catalogkrovelnye/dlya-shifera-i-cherepitsy/ascoat_rube/","404","N/a","10.12.2020"
"/catalogmastika_gidroizolyatsionnaya_universal/","404","N/a","10.12.2020"
"/catalogneomid_stopzhuk/","404","N/a","10.12.2020"
"/catalogobshchestroitelnye/pf_266/","404","N/a","10.12.2020"
"/catalogpo-betonu/dlya-betonnykh-lestnits-i-marshey/ascoat_306_epv/","404","N/a","10.12.2020"
"/catalogpo-betonu/dlya-otmostki/caparol_capamur_finish/","404","N/a","10.12.2020"
"/catalogpo-betonu/marshall_gruntovka_maestro/","404","N/a","10.12.2020"
"/catalogpo-derevu/dlya-dachi/drevopol/","404","N/a","10.12.2020"
"/catalogpo-derevu/dlya-derevyannogo-potolka/gruntovki/ak_069/","404","N/a","10.12.2020"
"/catalogpo-derevu/dlya-vnutrennikh-rabot/tikkurila_miranol/","404","N/a","10.12.2020"
"/catalogpo-derevu/tikkurila_empire/","404","N/a","10.12.2020"
"/catalogpo-metallu/dlya-truboprovodov/polimeron/","404","N/a","10.12.2020"
"/catalogtikkurila_paneeli_assa_titan/","404","N/a","10.12.2020"
"/kraski_i_emali/dlya-basseyna/gidrostoun_2_uf/","301","404","10.12.2020"
"/catalogak_505/","404","N/a","10.12.2020"
"/catalogantikras_sprint/","404","N/a","10.12.2020"
"/catalogascoat_138_pur/","404","N/a","10.12.2020"
"/cataloginterernye/tikkurila_finngard/","404","N/a","10.12.2020"
"/catalogkleypol/","404","N/a","10.12.2020"
"/catalogkrovelnye/dlya-zhelobov/kraski_i_emali/khs_759/","404","N/a","10.12.2020"
"/catalogpo-metallu/dlya-agressivnykh-sred/ascoat_309_epk/","404","N/a","10.12.2020"
"/catalogpo-metallu/dlya-chernykh-metallov/ascoat_808_aqua/","404","N/a","10.12.2020"
"/catalogpo-metallu/dlya-garazhnykh-vorot/ascoat_molotok/","404","N/a","10.12.2020"
"/catalogpo-metallu/dlya-metallicheskogo-zabora/ascoat_208_au_/","404","N/a","10.12.2020"
"/catalogpoliuretanovye-nalivnye-poly/ascoat_pu_ib_floor/","404","N/a","10.12.2020"
"/catalogtikkurila_valtti_plus_kesto/","404","N/a","10.12.2020"
